0,1,2,3,4,5,6,7,8,9,10,11,12,13,Total
,,,,,,,,,,,,,,
91.967,174.051,34.784,150.834,136.917,108.483,115.717,141.384,85.267,100.1,90.55,69.166,56.466,52.183,1407.869
,,,,,,,,,,,,,,
"[0, 28, 53, 15, 49, 45, 0]","[0, 6, 27, 61, 40, 62, 33, 47, 0]","[0, 17, 0]","[0, 20, 5, 13, 12, 0]","[0, 42, 34, 44, 50, 0]","[0, 55, 0]","[0, 30, 59, 18, 3, 22, 0]","[0, 8, 21, 63, 0]","[0, 57, 19, 31, 26, 67, 66, 0]","[0, 54, 14, 64, 32, 0]","[0, 52, 58, 4, 29, 0]","[0, 51, 39, 0]","[0, 16, 9, 37, 0]","[0, 35, 69, 0]",
,,,,,,,,,,,,,,
0,1,2,3,4,5,6,7,8,9,10,11,12,13,Total
,,,,,,,,,,,,,,
86,176.933,34.784,125.516,104.383,108.483,111.2,148.567,70.434,94.434,87.25,69.166,54.083,52.183,1323.416
,,,,,,,,,,,,,,
"[0, 49, 15, 53, 45, 28, 0]","[0, 61, 47, 27, 40, 62, 33, 6, 0]","[0, 17, 0]","[0, 13, 20, 12, 5, 0]","[0, 34, 50, 42, 44, 0]","[0, 55, 0]","[0, 30, 3, 22, 59, 18, 0]","[0, 21, 63, 8, 0]","[0, 67, 57, 26, 31, 66, 19, 0]","[0, 32, 14, 64, 54, 0]","[0, 52, 58, 29, 4, 0]","[0, 51, 39, 0]","[0, 9, 16, 37, 0]","[0, 35, 69, 0]",
,,,,,,,,,,,,,,
0,1,2,3,4,5,6,7,8,9,10,11,12,13,Total
,,,,,,,,,,,,,,
86.133,193.901,34.784,123.784,105.283,108.483,111.816,149.85,82.3,100.1,81.566,69.166,53.233,52.833,1353.232
,,,,,,,,,,,,,,
"[0, 28, 53, 45, 15, 49, 0]","[0, 61, 33, 6, 27, 40, 62, 47, 0]","[0, 17, 0]","[0, 13, 12, 20, 5, 0]","[0, 42, 44, 34, 50, 0]","[0, 55, 0]","[0, 18, 59, 22, 3, 30, 0]","[0, 8, 63, 21, 0]","[0, 31, 67, 26, 66, 19, 57, 0]","[0, 54, 14, 64, 32, 0]","[0, 52, 29, 58, 4, 0]","[0, 51, 39, 0]","[0, 37, 16, 9, 0]","[0, 69, 35, 0]",
,,,,,,,,,,,,,,
0,1,2,3,4,5,6,7,8,9,10,11,12,13,Total
,,,,,,,,,,,,,,
91.466,177.668,34.784,154.5,131.016,108.483,87.033,150.666,91.6,92.633,79.083,68.35,54.083,52.833,1374.198
,,,,,,,,,,,,,,
"[0, 45, 49, 15, 53, 28, 0]","[0, 6, 40, 62, 47, 27, 61, 33, 0]","[0, 17, 0]","[0, 12, 13, 5, 20, 0]","[0, 44, 34, 50, 42, 0]","[0, 55, 0]","[0, 18, 22, 3, 59, 30, 0]","[0, 21, 8, 63, 0]","[0, 67, 31, 26, 19, 57, 66, 0]","[0, 64, 14, 54, 32, 0]","[0, 29, 58, 4, 52, 0]","[0, 39, 51, 0]","[0, 9, 16, 37, 0]","[0, 69, 35, 0]",
,,,,,,,,,,,,,,
0,1,2,3,4,5,6,7,8,9,10,11,12,13,Total
,,,,,,,,,,,,,,
72.767,152.101,34.784,153.95,101.917,108.483,105.616,150.117,85.599,94.117,86.318,69.166,54.883,52.183,1322.001
,,,,,,,,,,,,,,
"[0, 15, 53, 49, 28, 45, 0]","[0, 47, 62, 27, 61, 6, 40, 33, 0]","[0, 17, 0]","[0, 20, 12, 5, 13, 0]","[0, 50, 34, 44, 42, 0]","[0, 55, 0]","[0, 59, 30, 22, 18, 3, 0]","[0, 63, 8, 21, 0]","[0, 57, 66, 31, 26, 19, 67, 0]","[0, 14, 32, 64, 54, 0]","[0, 58, 52, 4, 29, 0]","[0, 51, 39, 0]","[0, 37, 9, 16, 0]","[0, 35, 69, 0]",
,,,,,,,,,,,,,,
0,1,2,3,4,5,6,7,8,9,10,11,12,13,Total
,,,,,,,,,,,,,,
85.849,141.232,34.784,122.75,106.617,108.483,84.149,150.117,62.2,99.651,85.584,68.35,54.083,52.833,1256.682
,,,,,,,,,,,,,,
"[0, 28, 53, 15, 45, 49, 0]","[0, 40, 47, 62, 33, 27, 61, 6, 0]","[0, 17, 0]","[0, 5, 12, 20, 13, 0]","[0, 44, 42, 34, 50, 0]","[0, 55, 0]","[0, 18, 22, 30, 59, 3, 0]","[0, 63, 8, 21, 0]","[0, 67, 66, 19, 31, 57, 26, 0]","[0, 32, 54, 64, 14, 0]","[0, 4, 29, 58, 52, 0]","[0, 39, 51, 0]","[0, 9, 16, 37, 0]","[0, 69, 35, 0]",
,,,,,,,,,,,,,,
0,1,2,3,4,5,6,7,8,9,10,11,12,13,Total
,,,,,,,,,,,,,,
78.233,176.033,34.784,151.934,136.599,108.483,114.833,150.666,82,87.818,86.318,69.166,56.466,52.833,1386.166
,,,,,,,,,,,,,,
"[0, 49, 28, 45, 15, 53, 0]","[0, 40, 61, 62, 33, 47, 27, 6, 0]","[0, 17, 0]","[0, 12, 5, 20, 13, 0]","[0, 44, 34, 42, 50, 0]","[0, 55, 0]","[0, 22, 30, 59, 18, 3, 0]","[0, 21, 8, 63, 0]","[0, 19, 31, 57, 67, 66, 26, 0]","[0, 14, 32, 54, 64, 0]","[0, 58, 52, 4, 29, 0]","[0, 51, 39, 0]","[0, 16, 9, 37, 0]","[0, 69, 35, 0]",
,,,,,,,,,,,,,,
0,1,2,3,4,5,6,7,8,9,10,11,12,13,Total
,,,,,,,,,,,,,,
81.882,160.266,34.784,125.416,129.549,108.483,91.149,141.384,90.217,87.15,79.65,69.166,56.466,52.183,1307.745
,,,,,,,,,,,,,,
"[0, 15, 45, 49, 28, 53, 0]","[0, 62, 33, 47, 27, 61, 40, 6, 0]","[0, 17, 0]","[0, 5, 12, 13, 20, 0]","[0, 42, 50, 34, 44, 0]","[0, 55, 0]","[0, 30, 18, 22, 59, 3, 0]","[0, 8, 21, 63, 0]","[0, 67, 57, 19, 26, 31, 66, 0]","[0, 54, 14, 32, 64, 0]","[0, 29, 52, 4, 58, 0]","[0, 51, 39, 0]","[0, 16, 9, 37, 0]","[0, 35, 69, 0]",
,,,,,,,,,,,,,,
0,1,2,3,4,5,6,7,8,9,10,11,12,13,Total
,,,,,,,,,,,,,,
83.833,156.535,34.784,149.234,109.967,108.483,109.083,150.666,83.434,99.3,85.584,69.166,54.083,52.183,1346.335
,,,,,,,,,,,,,,
"[0, 49, 28, 53, 45, 15, 0]","[0, 6, 40, 33, 62, 47, 61, 27, 0]","[0, 17, 0]","[0, 12, 20, 5, 13, 0]","[0, 34, 42, 44, 50, 0]","[0, 55, 0]","[0, 22, 59, 30, 3, 18, 0]","[0, 21, 8, 63, 0]","[0, 57, 31, 67, 66, 26, 19, 0]","[0, 14, 64, 54, 32, 0]","[0, 4, 29, 58, 52, 0]","[0, 51, 39, 0]","[0, 9, 16, 37, 0]","[0, 35, 69, 0]",
,,,,,,,,,,,,,,
0,1,2,3,4,5,6,7,8,9,10,11,12,13,Total
,,,,,,,,,,,,,,
67.45,160.101,34.784,128.65,106.617,108.483,83.95,149.85,77.95,99.233,79.766,68.35,53.233,52.833,1271.25
,,,,,,,,,,,,,,
"[0, 53, 49, 15, 45, 28, 0]","[0, 6, 27, 40, 47, 61, 33, 62, 0]","[0, 17, 0]","[0, 5, 20, 12, 13, 0]","[0, 44, 42, 34, 50, 0]","[0, 55, 0]","[0, 3, 59, 30, 22, 18, 0]","[0, 8, 63, 21, 0]","[0, 26, 31, 67, 57, 19, 66, 0]","[0, 54, 32, 64, 14, 0]","[0, 58, 4, 52, 29, 0]","[0, 39, 51, 0]","[0, 37, 16, 9, 0]","[0, 69, 35, 0]",
,,,,,,,,,,,,,,
0,1,2,3,4,5,6,7,8,9,10,11,12,13,Total
,,,,,,,,,,,,,,
84.233,136.233,34.784,121.999,135.716,108.483,103.849,141.384,70.217,100.1,85.584,69.166,56.466,52.833,1301.047
,,,,,,,,,,,,,,
"[0, 49, 28, 53, 15, 45, 0]","[0, 62, 33, 61, 6, 47, 40, 27, 0]","[0, 17, 0]","[0, 5, 13, 20, 12, 0]","[0, 34, 42, 50, 44, 0]","[0, 55, 0]","[0, 3, 22, 18, 30, 59, 0]","[0, 8, 21, 63, 0]","[0, 57, 67, 19, 66, 26, 31, 0]","[0, 54, 14, 64, 32, 0]","[0, 4, 29, 58, 52, 0]","[0, 51, 39, 0]","[0, 16, 9, 37, 0]","[0, 69, 35, 0]",
,,,,,,,,,,,,,,
0,1,2,3,4,5,6,7,8,9,10,11,12,13,Total
,,,,,,,,,,,,,,
84.233,162.918,34.784,151.934,136.599,108.483,100.099,141.384,83.85,92.633,84.616,68.35,57.317,52.183,1359.383
,,,,,,,,,,,,,,
"[0, 53, 28, 49, 15, 45, 0]","[0, 61, 27, 33, 47, 40, 62, 6, 0]","[0, 17, 0]","[0, 12, 5, 20, 13, 0]","[0, 44, 34, 42, 50, 0]","[0, 55, 0]","[0, 18, 22, 3, 30, 59, 0]","[0, 8, 21, 63, 0]","[0, 66, 31, 26, 67, 19, 57, 0]","[0, 64, 14, 54, 32, 0]","[0, 29, 4, 52, 58, 0]","[0, 39, 51, 0]","[0, 9, 37, 16, 0]","[0, 35, 69, 0]",
,,,,,,,,,,,,,,
0,1,2,3,4,5,6,7,8,9,10,11,12,13,Total
,,,,,,,,,,,,,,
83.666,171.484,34.784,130.7,104.383,108.483,93.2,138.516,82.334,88.234,90.634,68.35,54.083,52.833,1301.684
,,,,,,,,,,,,,,
"[0, 15, 49, 45, 28, 53, 0]","[0, 40, 62, 27, 47, 33, 61, 6, 0]","[0, 17, 0]","[0, 20, 12, 13, 5, 0]","[0, 34, 50, 42, 44, 0]","[0, 55, 0]","[0, 22, 30, 3, 59, 18, 0]","[0, 63, 21, 8, 0]","[0, 26, 67, 57, 19, 66, 31, 0]","[0, 64, 14, 32, 54, 0]","[0, 29, 4, 58, 52, 0]","[0, 39, 51, 0]","[0, 9, 16, 37, 0]","[0, 69, 35, 0]",
,,,,,,,,,,,,,,
0,1,2,3,4,5,6,7,8,9,10,11,12,13,Total
,,,,,,,,,,,,,,
72.767,194.25,34.784,151.934,104.667,108.483,92.634,150.666,77.45,92.633,74.932,68.35,53.233,52.183,1328.966
,,,,,,,,,,,,,,
"[0, 15, 53, 49, 28, 45, 0]","[0, 40, 27, 47, 62, 6, 33, 61, 0]","[0, 17, 0]","[0, 12, 5, 20, 13, 0]","[0, 42, 44, 50, 34, 0]","[0, 55, 0]","[0, 18, 3, 59, 30, 22, 0]","[0, 21, 8, 63, 0]","[0, 31, 57, 67, 26, 19, 66, 0]","[0, 64, 14, 54, 32, 0]","[0, 4, 52, 29, 58, 0]","[0, 39, 51, 0]","[0, 37, 16, 9, 0]","[0, 35, 69, 0]",
,,,,,,,,,,,,,,
0,1,2,3,4,5,6,7,8,9,10,11,12,13,Total
,,,,,,,,,,,,,,
73.534,152.934,34.784,151.833,110.151,108.483,111.2,138.516,80.733,85.867,86.318,68.35,53.233,52.833,1308.769
,,,,,,,,,,,,,,
"[0, 45, 53, 49, 28, 15, 0]","[0, 47, 27, 33, 40, 61, 6, 62, 0]","[0, 17, 0]","[0, 20, 13, 5, 12, 0]","[0, 50, 44, 42, 34, 0]","[0, 55, 0]","[0, 30, 3, 22, 59, 18, 0]","[0, 63, 21, 8, 0]","[0, 67, 66, 31, 19, 57, 26, 0]","[0, 64, 54, 32, 14, 0]","[0, 58, 52, 4, 29, 0]","[0, 39, 51, 0]","[0, 37, 16, 9, 0]","[0, 69, 35, 0]",
,,,,,,,,,,,,,,
0,1,2,3,4,5,6,7,8,9,10,11,12,13,Total
,,,,,,,,,,,,,,
86.916,171.201,34.784,122.75,110.151,108.483,117.467,138.516,69.933,92.084,87.25,68.35,58.384,52.833,1319.102
,,,,,,,,,,,,,,
"[0, 45, 53, 15, 28, 49, 0]","[0, 27, 6, 40, 33, 47, 62, 61, 0]","[0, 17, 0]","[0, 5, 12, 20, 13, 0]","[0, 50, 44, 42, 34, 0]","[0, 55, 0]","[0, 30, 22, 3, 18, 59, 0]","[0, 63, 21, 8, 0]","[0, 19, 66, 31, 57, 26, 67, 0]","[0, 64, 32, 54, 14, 0]","[0, 52, 58, 29, 4, 0]","[0, 39, 51, 0]","[0, 16, 37, 9, 0]","[0, 69, 35, 0]",
,,,,,,,,,,,,,,
0,1,2,3,4,5,6,7,8,9,10,11,12,13,Total
,,,,,,,,,,,,,,
91.466,172.067,34.784,128.65,109.283,108.483,90.782,138.516,94.6,85.867,74.932,69.166,56.466,52.833,1307.895
,,,,,,,,,,,,,,
"[0, 45, 49, 15, 53, 28, 0]","[0, 6, 47, 33, 61, 62, 27, 40, 0]","[0, 17, 0]","[0, 5, 20, 12, 13, 0]","[0, 34, 44, 42, 50, 0]","[0, 55, 0]","[0, 59, 3, 22, 18, 30, 0]","[0, 63, 21, 8, 0]","[0, 19, 57, 67, 26, 66, 31, 0]","[0, 64, 54, 32, 14, 0]","[0, 4, 52, 29, 58, 0]","[0, 51, 39, 0]","[0, 16, 9, 37, 0]","[0, 69, 35, 0]",
,,,,,,,,,,,,,,
0,1,2,3,4,5,6,7,8,9,10,11,12,13,Total
,,,,,,,,,,,,,,
84.083,142.45,34.784,126.084,132.2,108.483,108.466,141.384,88.601,87.351,86.318,68.35,54.883,52.183,1315.62
,,,,,,,,,,,,,,
"[0, 28, 49, 15, 45, 53, 0]","[0, 27, 33, 40, 6, 61, 62, 47, 0]","[0, 17, 0]","[0, 12, 13, 20, 5, 0]","[0, 42, 34, 50, 44, 0]","[0, 55, 0]","[0, 3, 22, 59, 30, 18, 0]","[0, 8, 21, 63, 0]","[0, 67, 31, 66, 26, 57, 19, 0]","[0, 32, 14, 54, 64, 0]","[0, 58, 52, 4, 29, 0]","[0, 39, 51, 0]","[0, 37, 9, 16, 0]","[0, 35, 69, 0]",
,,,,,,,,,,,,,,
0,1,2,3,4,5,6,7,8,9,10,11,12,13,Total
,,,,,,,,,,,,,,
71.184,156.334,34.784,123.784,109.283,108.483,108.466,150.117,71.916,100.1,79.766,69.166,54.883,52.183,1290.449
,,,,,,,,,,,,,,
"[0, 15, 45, 53, 49, 28, 0]","[0, 27, 47, 61, 40, 33, 62, 6, 0]","[0, 17, 0]","[0, 13, 12, 20, 5, 0]","[0, 34, 44, 42, 50, 0]","[0, 55, 0]","[0, 3, 22, 59, 30, 18, 0]","[0, 63, 8, 21, 0]","[0, 31, 26, 66, 19, 67, 57, 0]","[0, 32, 64, 14, 54, 0]","[0, 58, 4, 52, 29, 0]","[0, 51, 39, 0]","[0, 37, 9, 16, 0]","[0, 35, 69, 0]",
,,,,,,,,,,,,,,
0,1,2,3,4,5,6,7,8,9,10,11,12,13,Total
,,,,,,,,,,,,,,
69.15,173.517,34.784,149.216,108.8,108.483,106.082,150.117,82.317,99.984,85.85,69.166,54.083,52.833,1344.382
,,,,,,,,,,,,,,
"[0, 28, 45, 15, 53, 49, 0]","[0, 47, 61, 62, 27, 40, 33, 6, 0]","[0, 17, 0]","[0, 13, 20, 5, 12, 0]","[0, 50, 42, 44, 34, 0]","[0, 55, 0]","[0, 59, 18, 22, 30, 3, 0]","[0, 63, 8, 21, 0]","[0, 19, 26, 66, 67, 31, 57, 0]","[0, 14, 54, 64, 32, 0]","[0, 4, 58, 52, 29, 0]","[0, 51, 39, 0]","[0, 9, 16, 37, 0]","[0, 69, 35, 0]",
,,,,,,,,,,,,,,
0,1,2,3,4,5,6,7,8,9,10,11,12,13,Total
,,,,,,,,,,,,,,
71.25,180.068,34.784,150.834,134.55,108.483,109.033,150.117,68.45,99.984,79.75,68.35,54.883,52.833,1363.369
,,,,,,,,,,,,,,
"[0, 45, 28, 15, 49, 53, 0]","[0, 62, 61, 27, 47, 33, 6, 40, 0]","[0, 17, 0]","[0, 20, 5, 13, 12, 0]","[0, 50, 44, 34, 42, 0]","[0, 55, 0]","[0, 22, 3, 30, 59, 18, 0]","[0, 63, 8, 21, 0]","[0, 31, 67, 66, 19, 57, 26, 0]","[0, 14, 54, 64, 32, 0]","[0, 4, 58, 29, 52, 0]","[0, 39, 51, 0]","[0, 37, 9, 16, 0]","[0, 69, 35, 0]",
,,,,,,,,,,,,,,
0,1,2,3,4,5,6,7,8,9,10,11,12,13,Total
,,,,,,,,,,,,,,
73.534,174.984,34.784,151.934,136.917,108.483,103.882,150.117,82.334,87.351,80.55,69.166,54.083,52.183,1360.302
,,,,,,,,,,,,,,
"[0, 45, 53, 49, 28, 15, 0]","[0, 47, 33, 40, 61, 62, 6, 27, 0]","[0, 17, 0]","[0, 12, 5, 20, 13, 0]","[0, 42, 34, 44, 50, 0]","[0, 55, 0]","[0, 59, 22, 18, 30, 3, 0]","[0, 63, 8, 21, 0]","[0, 26, 67, 57, 66, 19, 31, 0]","[0, 32, 14, 54, 64, 0]","[0, 58, 29, 4, 52, 0]","[0, 51, 39, 0]","[0, 9, 16, 37, 0]","[0, 35, 69, 0]",
,,,,,,,,,,,,,,
0,1,2,3,4,5,6,7,8,9,10,11,12,13,Total
,,,,,,,,,,,,,,
75.884,156.517,34.784,125.516,136.599,108.483,92.3,150.117,95.983,95.017,85.85,69.166,54.883,52.833,1333.932
,,,,,,,,,,,,,,
"[0, 15, 49, 53, 28, 45, 0]","[0, 61, 47, 6, 27, 62, 40, 33, 0]","[0, 17, 0]","[0, 13, 20, 12, 5, 0]","[0, 44, 34, 42, 50, 0]","[0, 55, 0]","[0, 22, 3, 59, 30, 18, 0]","[0, 63, 8, 21, 0]","[0, 57, 19, 26, 66, 31, 67, 0]","[0, 54, 64, 14, 32, 0]","[0, 4, 58, 52, 29, 0]","[0, 51, 39, 0]","[0, 37, 9, 16, 0]","[0, 69, 35, 0]",
,,,,,,,,,,,,,,
0,1,2,3,4,5,6,7,8,9,10,11,12,13,Total
,,,,,,,,,,,,,,
77.417,146.633,34.784,123.784,134.85,108.483,93.082,141.384,69.701,92.35,84.167,69.166,56.466,52.183,1284.45
,,,,,,,,,,,,,,
"[0, 28, 45, 49, 53, 15, 0]","[0, 62, 61, 33, 27, 47, 40, 6, 0]","[0, 17, 0]","[0, 13, 12, 20, 5, 0]","[0, 34, 44, 50, 42, 0]","[0, 55, 0]","[0, 59, 3, 18, 22, 30, 0]","[0, 8, 21, 63, 0]","[0, 26, 67, 66, 19, 31, 57, 0]","[0, 14, 54, 32, 64, 0]","[0, 58, 4, 29, 52, 0]","[0, 51, 39, 0]","[0, 16, 9, 37, 0]","[0, 35, 69, 0]",
,,,,,,,,,,,,,,
0,1,2,3,4,5,6,7,8,9,10,11,12,13,Total
,,,,,,,,,,,,,,
72.967,134.517,34.784,149.333,109.967,108.483,108.966,150.117,79.382,94.434,79.983,68.35,58.384,52.183,1301.85
,,,,,,,,,,,,,,
"[0, 15, 53, 49, 45, 28, 0]","[0, 62, 6, 61, 40, 47, 27, 33, 0]","[0, 17, 0]","[0, 12, 5, 13, 20, 0]","[0, 34, 42, 44, 50, 0]","[0, 55, 0]","[0, 18, 59, 22, 30, 3, 0]","[0, 63, 8, 21, 0]","[0, 19, 57, 31, 26, 66, 67, 0]","[0, 32, 14, 64, 54, 0]","[0, 4, 52, 58, 29, 0]","[0, 39, 51, 0]","[0, 16, 37, 9, 0]","[0, 35, 69, 0]",
,,,,,,,,,,,,,,
0,1,2,3,4,5,6,7,8,9,10,11,12,13,Total
,,,,,,,,,,,,,,
85.784,159.5,34.784,152.449,101.917,108.483,114.833,138.516,76.067,92.884,87.25,69.166,53.233,52.183,1327.049
,,,,,,,,,,,,,,
"[0, 49, 45, 53, 15, 28, 0]","[0, 33, 40, 62, 61, 47, 6, 27, 0]","[0, 17, 0]","[0, 13, 5, 20, 12, 0]","[0, 50, 34, 44, 42, 0]","[0, 55, 0]","[0, 22, 30, 59, 18, 3, 0]","[0, 63, 21, 8, 0]","[0, 67, 31, 57, 19, 66, 26, 0]","[0, 32, 54, 14, 64, 0]","[0, 52, 58, 29, 4, 0]","[0, 51, 39, 0]","[0, 37, 16, 9, 0]","[0, 35, 69, 0]",
,,,,,,,,,,,,,,
0,1,2,3,4,5,6,7,8,9,10,11,12,13,Total
,,,,,,,,,,,,,,
68.632,194.384,34.784,128.65,104.667,108.483,106.666,150.117,82.25,99.233,86.318,68.35,58.384,52.833,1343.751
,,,,,,,,,,,,,,
"[0, 45, 15, 28, 53, 49, 0]","[0, 47, 33, 61, 27, 6, 62, 40, 0]","[0, 17, 0]","[0, 5, 20, 12, 13, 0]","[0, 42, 44, 50, 34, 0]","[0, 55, 0]","[0, 30, 3, 22, 18, 59, 0]","[0, 63, 8, 21, 0]","[0, 31, 66, 26, 57, 67, 19, 0]","[0, 54, 32, 64, 14, 0]","[0, 58, 52, 4, 29, 0]","[0, 39, 51, 0]","[0, 16, 37, 9, 0]","[0, 69, 35, 0]",
,,,,,,,,,,,,,,
0,1,2,3,4,5,6,7,8,9,10,11,12,13,Total
,,,,,,,,,,,,,,
74.284,193.584,34.784,128.65,108.8,108.483,83.95,150.666,88.483,92.884,84.616,68.35,54.883,52.183,1324.6
,,,,,,,,,,,,,,
"[0, 28, 45, 53, 49, 15, 0]","[0, 47, 33, 6, 27, 61, 62, 40, 0]","[0, 17, 0]","[0, 5, 20, 12, 13, 0]","[0, 50, 42, 44, 34, 0]","[0, 55, 0]","[0, 3, 59, 30, 22, 18, 0]","[0, 21, 8, 63, 0]","[0, 19, 31, 67, 57, 26, 66, 0]","[0, 32, 54, 14, 64, 0]","[0, 29, 4, 52, 58, 0]","[0, 39, 51, 0]","[0, 37, 9, 16, 0]","[0, 35, 69, 0]",
,,,,,,,,,,,,,,
0,1,2,3,4,5,6,7,8,9,10,11,12,13,Total
,,,,,,,,,,,,,,
85.649,168.317,34.784,149.216,105.283,108.483,109.466,149.85,69.701,99.984,79.983,68.35,56.466,52.183,1337.715
,,,,,,,,,,,,,,
"[0, 45, 15, 53, 28, 49, 0]","[0, 61, 33, 40, 47, 27, 62, 6, 0]","[0, 17, 0]","[0, 13, 20, 5, 12, 0]","[0, 42, 44, 34, 50, 0]","[0, 55, 0]","[0, 59, 22, 30, 3, 18, 0]","[0, 8, 63, 21, 0]","[0, 26, 67, 66, 19, 31, 57, 0]","[0, 14, 54, 64, 32, 0]","[0, 4, 52, 58, 29, 0]","[0, 39, 51, 0]","[0, 16, 9, 37, 0]","[0, 35, 69, 0]",
,,,,,,,,,,,,,,
0,1,2,3,4,5,6,7,8,9,10,11,12,13,Total
,,,,,,,,,,,,,,
84.867,182.534,34.784,149.234,137.767,108.483,109.466,149.85,83.434,94.251,79.983,68.35,56.466,52.183,1391.652
,,,,,,,,,,,,,,
"[0, 53, 45, 49, 28, 15, 0]","[0, 40, 33, 6, 61, 27, 47, 62, 0]","[0, 17, 0]","[0, 12, 20, 5, 13, 0]","[0, 44, 50, 42, 34, 0]","[0, 55, 0]","[0, 59, 22, 30, 3, 18, 0]","[0, 8, 63, 21, 0]","[0, 57, 31, 66, 26, 67, 19, 0]","[0, 54, 64, 32, 14, 0]","[0, 4, 52, 58, 29, 0]","[0, 39, 51, 0]","[0, 16, 9, 37, 0]","[0, 35, 69, 0]",
,,,,,,,,,,,,,,
0,1,2,3,4,5,6,7,8,9,10,11,12,13,Total
,,,,,,,,,,,,,,
78.199,160.868,34.784,123.417,101.917,108.483,95.967,150.666,96,99.651,81.967,69.166,53.233,52.833,1307.151
,,,,,,,,,,,,,,
"[0, 49, 45, 15, 28, 53, 0]","[0, 6, 40, 27, 61, 47, 33, 62, 0]","[0, 17, 0]","[0, 12, 20, 13, 5, 0]","[0, 50, 34, 44, 42, 0]","[0, 55, 0]","[0, 30, 22, 59, 3, 18, 0]","[0, 21, 8, 63, 0]","[0, 57, 19, 31, 67, 26, 66, 0]","[0, 32, 54, 64, 14, 0]","[0, 52, 4, 58, 29, 0]","[0, 51, 39, 0]","[0, 37, 16, 9, 0]","[0, 69, 35, 0]",
,,,,,,,,,,,,,,
0,1,2,3,4,5,6,7,8,9,10,11,12,13,Total
,,,,,,,,,,,,,,
71.25,158.25,34.784,149.333,106.617,108.483,99.199,150.117,69.766,92.35,87.25,69.166,53.233,52.183,1301.981
,,,,,,,,,,,,,,
"[0, 45, 28, 15, 49, 53, 0]","[0, 62, 33, 61, 47, 40, 27, 6, 0]","[0, 17, 0]","[0, 12, 5, 13, 20, 0]","[0, 44, 42, 34, 50, 0]","[0, 55, 0]","[0, 59, 30, 3, 22, 18, 0]","[0, 63, 8, 21, 0]","[0, 57, 31, 67, 19, 66, 26, 0]","[0, 14, 54, 32, 64, 0]","[0, 52, 58, 29, 4, 0]","[0, 51, 39, 0]","[0, 37, 16, 9, 0]","[0, 35, 69, 0]",
,,,,,,,,,,,,,,
0,1,2,3,4,5,6,7,8,9,10,11,12,13,Total
,,,,,,,,,,,,,,
66.849,143.135,34.784,122.967,104.667,108.483,91.667,141.384,70.201,99.3,79.983,68.35,54.083,52.183,1238.036
,,,,,,,,,,,,,,
"[0, 15, 45, 28, 53, 49, 0]","[0, 47, 27, 33, 62, 61, 6, 40, 0]","[0, 17, 0]","[0, 5, 20, 13, 12, 0]","[0, 42, 44, 50, 34, 0]","[0, 55, 0]","[0, 30, 22, 18, 3, 59, 0]","[0, 8, 21, 63, 0]","[0, 57, 67, 66, 19, 26, 31, 0]","[0, 14, 64, 54, 32, 0]","[0, 4, 52, 58, 29, 0]","[0, 39, 51, 0]","[0, 9, 16, 37, 0]","[0, 35, 69, 0]",
,,,,,,,,,,,,,,
0,1,2,3,4,5,6,7,8,9,10,11,12,13,Total
,,,,,,,,,,,,,,
91.284,151.735,34.784,151.833,136.616,108.483,106.883,150.117,76.066,100.1,84.3,68.35,53.233,52.833,1366.617
,,,,,,,,,,,,,,
"[0, 28, 49, 45, 53, 15, 0]","[0, 62, 6, 40, 61, 27, 33, 47, 0]","[0, 17, 0]","[0, 20, 13, 5, 12, 0]","[0, 42, 50, 44, 34, 0]","[0, 55, 0]","[0, 30, 59, 22, 18, 3, 0]","[0, 63, 8, 21, 0]","[0, 19, 66, 31, 57, 67, 26, 0]","[0, 32, 64, 14, 54, 0]","[0, 29, 52, 58, 4, 0]","[0, 39, 51, 0]","[0, 37, 16, 9, 0]","[0, 69, 35, 0]",
,,,,,,,,,,,,,,
0,1,2,3,4,5,6,7,8,9,10,11,12,13,Total
,,,,,,,,,,,,,,
74.45,180.033,34.784,153.95,102.6,108.483,109.033,150.666,82.349,87.784,90.55,69.166,54.083,52.183,1350.114
,,,,,,,,,,,,,,
"[0, 45, 53, 49, 15, 28, 0]","[0, 40, 27, 6, 62, 61, 47, 33, 0]","[0, 17, 0]","[0, 20, 12, 5, 13, 0]","[0, 50, 34, 42, 44, 0]","[0, 55, 0]","[0, 22, 3, 30, 59, 18, 0]","[0, 21, 8, 63, 0]","[0, 19, 31, 57, 66, 67, 26, 0]","[0, 64, 32, 14, 54, 0]","[0, 52, 58, 4, 29, 0]","[0, 51, 39, 0]","[0, 9, 16, 37, 0]","[0, 35, 69, 0]",
,,,,,,,,,,,,,,
0,1,2,3,4,5,6,7,8,9,10,11,12,13,Total
,,,,,,,,,,,,,,
85.182,174.916,34.784,128.65,131.016,108.483,92.634,150.666,74.734,92.884,86.549,69.166,56.466,52.183,1338.313
,,,,,,,,,,,,,,
"[0, 15, 28, 53, 45, 49, 0]","[0, 40, 62, 33, 6, 47, 27, 61, 0]","[0, 17, 0]","[0, 5, 20, 12, 13, 0]","[0, 44, 34, 50, 42, 0]","[0, 55, 0]","[0, 18, 3, 59, 30, 22, 0]","[0, 21, 8, 63, 0]","[0, 57, 26, 19, 67, 66, 31, 0]","[0, 32, 54, 14, 64, 0]","[0, 52, 29, 4, 58, 0]","[0, 51, 39, 0]","[0, 16, 9, 37, 0]","[0, 35, 69, 0]",
,,,,,,,,,,,,,,
0,1,2,3,4,5,6,7,8,9,10,11,12,13,Total
,,,,,,,,,,,,,,
69.883,164.183,34.784,126.501,132.2,108.483,104.849,150.117,76.1,92.633,84.3,68.35,53.233,52.833,1318.449
,,,,,,,,,,,,,,
"[0, 45, 28, 15, 53, 49, 0]","[0, 47, 62, 61, 27, 33, 40, 6, 0]","[0, 17, 0]","[0, 20, 13, 12, 5, 0]","[0, 42, 34, 50, 44, 0]","[0, 55, 0]","[0, 59, 30, 3, 18, 22, 0]","[0, 63, 8, 21, 0]","[0, 67, 57, 31, 66, 19, 26, 0]","[0, 64, 14, 54, 32, 0]","[0, 29, 52, 58, 4, 0]","[0, 39, 51, 0]","[0, 37, 16, 9, 0]","[0, 69, 35, 0]",
,,,,,,,,,,,,,,
0,1,2,3,4,5,6,7,8,9,10,11,12,13,Total
,,,,,,,,,,,,,,
72.767,166.267,34.784,151.934,104.833,108.483,92.383,141.384,77.949,99.651,79.983,68.35,58.384,52.183,1309.335
,,,,,,,,,,,,,,
"[0, 15, 53, 49, 28, 45, 0]","[0, 40, 62, 61, 27, 33, 6, 47, 0]","[0, 17, 0]","[0, 12, 5, 20, 13, 0]","[0, 44, 42, 50, 34, 0]","[0, 55, 0]","[0, 18, 59, 3, 30, 22, 0]","[0, 8, 21, 63, 0]","[0, 67, 57, 19, 66, 31, 26, 0]","[0, 32, 54, 64, 14, 0]","[0, 4, 52, 58, 29, 0]","[0, 39, 51, 0]","[0, 16, 37, 9, 0]","[0, 35, 69, 0]",
,,,,,,,,,,,,,,
0,1,2,3,4,5,6,7,8,9,10,11,12,13,Total
,,,,,,,,,,,,,,
89.75,173.935,34.784,151.934,101.917,108.483,83.949,150.117,77.95,94.117,79.983,69.166,58.384,52.833,1327.302
,,,,,,,,,,,,,,
"[0, 15, 53, 28, 49, 45, 0]","[0, 6, 27, 62, 47, 61, 33, 40, 0]","[0, 17, 0]","[0, 12, 5, 20, 13, 0]","[0, 50, 34, 44, 42, 0]","[0, 55, 0]","[0, 59, 3, 30, 22, 18, 0]","[0, 63, 8, 21, 0]","[0, 26, 31, 19, 66, 57, 67, 0]","[0, 14, 32, 64, 54, 0]","[0, 4, 52, 58, 29, 0]","[0, 51, 39, 0]","[0, 16, 37, 9, 0]","[0, 69, 35, 0]",
,,,,,,,,,,,,,,
0,1,2,3,4,5,6,7,8,9,10,11,12,13,Total
,,,,,,,,,,,,,,
67.517,157.884,34.784,122.967,136.616,108.483,95.951,150.666,89.734,87.717,85.584,69.166,56.466,52.833,1316.368
,,,,,,,,,,,,,,
"[0, 53, 49, 45, 15, 28, 0]","[0, 40, 62, 27, 6, 61, 47, 33, 0]","[0, 17, 0]","[0, 5, 20, 13, 12, 0]","[0, 42, 50, 44, 34, 0]","[0, 55, 0]","[0, 30, 22, 3, 59, 18, 0]","[0, 21, 8, 63, 0]","[0, 67, 31, 57, 66, 26, 19, 0]","[0, 54, 32, 14, 64, 0]","[0, 4, 29, 58, 52, 0]","[0, 51, 39, 0]","[0, 16, 9, 37, 0]","[0, 69, 35, 0]",
,,,,,,,,,,,,,,
0,1,2,3,4,5,6,7,8,9,10,11,12,13,Total
,,,,,,,,,,,,,,
69.15,167.601,34.784,122.75,101.917,108.483,105.449,149.85,76.467,95.017,79.65,69.166,54.083,52.183,1286.55
,,,,,,,,,,,,,,
"[0, 28, 45, 15, 53, 49, 0]","[0, 6, 61, 62, 47, 27, 33, 40, 0]","[0, 17, 0]","[0, 5, 12, 20, 13, 0]","[0, 50, 34, 44, 42, 0]","[0, 55, 0]","[0, 3, 30, 22, 18, 59, 0]","[0, 8, 63, 21, 0]","[0, 26, 31, 66, 67, 19, 57, 0]","[0, 54, 64, 14, 32, 0]","[0, 29, 52, 4, 58, 0]","[0, 51, 39, 0]","[0, 9, 16, 37, 0]","[0, 35, 69, 0]",
,,,,,,,,,,,,,,
0,1,2,3,4,5,6,7,8,9,10,11,12,13,Total
,,,,,,,,,,,,,,
70.617,168.384,34.784,150.599,106.617,108.483,92.683,149.85,83.717,87.15,81.55,69.166,58.384,52.833,1314.817
,,,,,,,,,,,,,,
"[0, 49, 53, 45, 15, 28, 0]","[0, 40, 6, 27, 62, 61, 33, 47, 0]","[0, 17, 0]","[0, 13, 5, 12, 20, 0]","[0, 44, 42, 34, 50, 0]","[0, 55, 0]","[0, 18, 30, 22, 59, 3, 0]","[0, 8, 63, 21, 0]","[0, 26, 19, 67, 31, 57, 66, 0]","[0, 54, 14, 32, 64, 0]","[0, 52, 4, 29, 58, 0]","[0, 51, 39, 0]","[0, 16, 37, 9, 0]","[0, 69, 35, 0]",
,,,,,,,,,,,,,,
0,1,2,3,4,5,6,7,8,9,10,11,12,13,Total
,,,,,,,,,,,,,,
69.566,181.1,34.784,149.216,134.55,108.483,117.866,150.666,90.217,92.884,81.551,68.35,54.083,52.183,1385.499
,,,,,,,,,,,,,,
"[0, 15, 28, 45, 49, 53, 0]","[0, 61, 33, 40, 27, 6, 47, 62, 0]","[0, 17, 0]","[0, 13, 20, 5, 12, 0]","[0, 50, 44, 34, 42, 0]","[0, 55, 0]","[0, 3, 18, 59, 22, 30, 0]","[0, 21, 8, 63, 0]","[0, 67, 57, 19, 26, 31, 66, 0]","[0, 32, 54, 14, 64, 0]","[0, 29, 58, 52, 4, 0]","[0, 39, 51, 0]","[0, 9, 16, 37, 0]","[0, 35, 69, 0]",
,,,,,,,,,,,,,,
0,1,2,3,4,5,6,7,8,9,10,11,12,13,Total
,,,,,,,,,,,,,,
83.666,171.201,34.784,151.833,108.8,108.483,85.133,149.85,65.666,95.017,81.967,69.166,56.466,52.183,1314.215
,,,,,,,,,,,,,,
"[0, 15, 49, 45, 28, 53, 0]","[0, 27, 6, 40, 33, 47, 62, 61, 0]","[0, 17, 0]","[0, 20, 13, 5, 12, 0]","[0, 50, 42, 44, 34, 0]","[0, 55, 0]","[0, 30, 59, 3, 22, 18, 0]","[0, 8, 63, 21, 0]","[0, 26, 31, 57, 66, 19, 67, 0]","[0, 54, 64, 14, 32, 0]","[0, 52, 4, 58, 29, 0]","[0, 51, 39, 0]","[0, 16, 9, 37, 0]","[0, 35, 69, 0]",
,,,,,,,,,,,,,,
0,1,2,3,4,5,6,7,8,9,10,11,12,13,Total
,,,,,,,,,,,,,,
68.8,160.917,34.784,149.216,109.967,108.483,100.099,138.516,68.801,87.784,81.967,69.166,57.317,52.183,1288
,,,,,,,,,,,,,,
"[0, 53, 49, 15, 28, 45, 0]","[0, 40, 6, 27, 61, 47, 33, 62, 0]","[0, 17, 0]","[0, 13, 20, 5, 12, 0]","[0, 34, 42, 44, 50, 0]","[0, 55, 0]","[0, 18, 22, 3, 30, 59, 0]","[0, 63, 21, 8, 0]","[0, 57, 26, 66, 19, 67, 31, 0]","[0, 64, 32, 14, 54, 0]","[0, 52, 4, 58, 29, 0]","[0, 51, 39, 0]","[0, 9, 37, 16, 0]","[0, 35, 69, 0]",
,,,,,,,,,,,,,,
0,1,2,3,4,5,6,7,8,9,10,11,12,13,Total
,,,,,,,,,,,,,,
89.75,151.033,34.784,130.7,101.917,108.483,114.683,149.85,70.2,94.117,81.566,69.166,56.466,52.183,1304.898
,,,,,,,,,,,,,,
"[0, 15, 53, 28, 49, 45, 0]","[0, 33, 27, 6, 61, 47, 62, 40, 0]","[0, 17, 0]","[0, 20, 12, 13, 5, 0]","[0, 50, 34, 44, 42, 0]","[0, 55, 0]","[0, 3, 18, 30, 22, 59, 0]","[0, 8, 63, 21, 0]","[0, 26, 31, 67, 19, 66, 57, 0]","[0, 14, 32, 64, 54, 0]","[0, 52, 29, 58, 4, 0]","[0, 51, 39, 0]","[0, 16, 9, 37, 0]","[0, 35, 69, 0]",
,,,,,,,,,,,,,,
0,1,2,3,4,5,6,7,8,9,10,11,12,13,Total
,,,,,,,,,,,,,,
85.8,175.634,34.784,126.084,102.6,108.483,108.466,138.516,88.251,94.434,79.75,69.166,54.883,52.833,1319.684
,,,,,,,,,,,,,,
"[0, 53, 15, 28, 49, 45, 0]","[0, 40, 33, 62, 47, 27, 6, 61, 0]","[0, 17, 0]","[0, 12, 13, 20, 5, 0]","[0, 50, 34, 42, 44, 0]","[0, 55, 0]","[0, 3, 22, 59, 30, 18, 0]","[0, 63, 21, 8, 0]","[0, 26, 19, 57, 67, 66, 31, 0]","[0, 32, 14, 64, 54, 0]","[0, 4, 58, 29, 52, 0]","[0, 51, 39, 0]","[0, 37, 9, 16, 0]","[0, 69, 35, 0]",
,,,,,,,,,,,,,,
0,1,2,3,4,5,6,7,8,9,10,11,12,13,Total
,,,,,,,,,,,,,,
77.133,127.05,34.784,152.449,110.151,108.483,113.016,149.85,69.7,100.901,85.584,68.35,58.384,52.833,1308.668
,,,,,,,,,,,,,,
"[0, 45, 28, 49, 53, 15, 0]","[0, 47, 61, 40, 6, 62, 27, 33, 0]","[0, 17, 0]","[0, 13, 5, 20, 12, 0]","[0, 50, 44, 42, 34, 0]","[0, 55, 0]","[0, 59, 30, 18, 3, 22, 0]","[0, 8, 63, 21, 0]","[0, 31, 57, 67, 66, 19, 26, 0]","[0, 14, 64, 32, 54, 0]","[0, 4, 29, 58, 52, 0]","[0, 39, 51, 0]","[0, 16, 37, 9, 0]","[0, 69, 35, 0]",
,,,,,,,,,,,,,,
0,1,2,3,4,5,6,7,8,9,10,11,12,13,Total
,,,,,,,,,,,,,,
67.517,128.351,34.784,125.516,136.599,108.483,111.816,148.567,83.417,86.4,87.25,69.166,54.083,52.833,1294.782
,,,,,,,,,,,,,,
"[0, 53, 49, 45, 15, 28, 0]","[0, 62, 27, 33, 47, 6, 40, 61, 0]","[0, 17, 0]","[0, 13, 20, 12, 5, 0]","[0, 44, 34, 42, 50, 0]","[0, 55, 0]","[0, 18, 59, 22, 3, 30, 0]","[0, 21, 63, 8, 0]","[0, 57, 31, 19, 26, 67, 66, 0]","[0, 64, 54, 14, 32, 0]","[0, 52, 58, 29, 4, 0]","[0, 51, 39, 0]","[0, 9, 16, 37, 0]","[0, 69, 35, 0]",
,,,,,,,,,,,,,,
0,1,2,3,4,5,6,7,8,9,10,11,12,13,Total
,,,,,,,,,,,,,,
69.15,146.733,34.784,122.75,129.549,108.483,105.616,138.516,77.95,92.884,79.083,68.35,58.384,52.183,1284.415
,,,,,,,,,,,,,,
"[0, 28, 45, 15, 53, 49, 0]","[0, 40, 61, 6, 62, 47, 33, 27, 0]","[0, 17, 0]","[0, 5, 12, 20, 13, 0]","[0, 42, 50, 34, 44, 0]","[0, 55, 0]","[0, 59, 30, 22, 18, 3, 0]","[0, 63, 21, 8, 0]","[0, 57, 19, 66, 26, 31, 67, 0]","[0, 32, 54, 14, 64, 0]","[0, 29, 58, 4, 52, 0]","[0, 39, 51, 0]","[0, 16, 37, 9, 0]","[0, 35, 69, 0]",
,,,,,,,,,,,,,,
0,1,2,3,4,5,6,7,8,9,10,11,12,13,Total
,,,,,,,,,,,,,,
86,158.984,34.784,149.333,104.667,108.483,83.949,150.117,79.032,87.351,79.65,69.166,54.883,52.833,1299.232
,,,,,,,,,,,,,,
"[0, 49, 15, 53, 45, 28, 0]","[0, 33, 62, 47, 27, 6, 61, 40, 0]","[0, 17, 0]","[0, 12, 5, 13, 20, 0]","[0, 42, 44, 50, 34, 0]","[0, 55, 0]","[0, 59, 3, 30, 22, 18, 0]","[0, 63, 8, 21, 0]","[0, 67, 19, 57, 31, 26, 66, 0]","[0, 32, 14, 54, 64, 0]","[0, 29, 52, 4, 58, 0]","[0, 51, 39, 0]","[0, 37, 9, 16, 0]","[0, 69, 35, 0]",
,,,,,,,,,,,,,,
0,1,2,3,4,5,6,7,8,9,10,11,12,13,Total
,,,,,,,,,,,,,,
78.199,174.118,34.784,123.784,104.383,108.483,107.599,148.567,88.466,94.434,86.967,69.166,54.083,52.183,1325.216
,,,,,,,,,,,,,,
"[0, 49, 45, 15, 28, 53, 0]","[0, 61, 40, 33, 62, 6, 27, 47, 0]","[0, 17, 0]","[0, 13, 12, 20, 5, 0]","[0, 34, 50, 42, 44, 0]","[0, 55, 0]","[0, 3, 22, 18, 59, 30, 0]","[0, 21, 63, 8, 0]","[0, 19, 57, 26, 66, 31, 67, 0]","[0, 32, 14, 64, 54, 0]","[0, 58, 52, 29, 4, 0]","[0, 51, 39, 0]","[0, 9, 16, 37, 0]","[0, 35, 69, 0]",
,,,,,,,,,,,,,,
0,1,2,3,4,5,6,7,8,9,10,11,12,13,Total
,,,,,,,,,,,,,,
79.916,165.15,34.784,152.449,130.4,108.483,106.082,148.567,76.318,88.234,84.167,68.35,53.233,52.833,1348.966
,,,,,,,,,,,,,,
"[0, 53, 15, 45, 28, 49, 0]","[0, 40, 27, 33, 61, 62, 6, 47, 0]","[0, 17, 0]","[0, 13, 5, 20, 12, 0]","[0, 44, 50, 34, 42, 0]","[0, 55, 0]","[0, 59, 18, 22, 30, 3, 0]","[0, 21, 63, 8, 0]","[0, 26, 57, 67, 31, 66, 19, 0]","[0, 64, 14, 32, 54, 0]","[0, 58, 4, 29, 52, 0]","[0, 39, 51, 0]","[0, 37, 16, 9, 0]","[0, 69, 35, 0]",
,,,,,,,,,,,,,,
0,1,2,3,4,5,6,7,8,9,10,11,12,13,Total
,,,,,,,,,,,,,,
81.266,166.867,34.784,149.333,136.599,108.483,91.667,150.666,85.25,99.651,81.566,68.35,54.083,52.183,1360.748
,,,,,,,,,,,,,,
"[0, 53, 15, 28, 45, 49, 0]","[0, 33, 47, 61, 40, 27, 6, 62, 0]","[0, 17, 0]","[0, 12, 5, 13, 20, 0]","[0, 44, 34, 42, 50, 0]","[0, 55, 0]","[0, 30, 22, 18, 3, 59, 0]","[0, 21, 8, 63, 0]","[0, 31, 26, 19, 57, 67, 66, 0]","[0, 32, 54, 64, 14, 0]","[0, 52, 29, 58, 4, 0]","[0, 39, 51, 0]","[0, 9, 16, 37, 0]","[0, 35, 69, 0]",
0,1,2,3,4,5,6,7,8,9,10,11,12,13,Total
66.849,143.0,34.784,125.51599999999999,131.016,108.483,114.833,141.38400000000001,77.6,99.233,85.85,69.166,54.88300000000001,52.183,1304.7799999999997
"[0, 15, 45, 28, 53, 49, 0]","[0, 47, 61, 62, 27, 33, 40, 6, 0]","[0, 17, 0]","[0, 13, 20, 12, 5, 0]","[0, 44, 34, 50, 42, 0]","[0, 55, 0]","[0, 22, 30, 59, 18, 3, 0]","[0, 8, 21, 63, 0]","[0, 19, 26, 31, 57, 67, 66, 0]","[0, 54, 32, 64, 14, 0]","[0, 4, 58, 52, 29, 0]","[0, 51, 39, 0]","[0, 37, 9, 16, 0]","[0, 35, 69, 0]",
0,1,2,3,4,5,6,7,8,9,10,11,12,13,Total
70.084,180.55,34.784,121.999,102.60000000000001,108.483,111.816,149.85000000000002,70.217,87.351,74.932,69.166,56.465999999999994,52.833,1291.1309999999999
"[0, 49, 53, 28, 15, 45, 0]","[0, 6, 62, 47, 27, 40, 61, 33, 0]","[0, 17, 0]","[0, 5, 13, 20, 12, 0]","[0, 50, 34, 42, 44, 0]","[0, 55, 0]","[0, 18, 59, 22, 3, 30, 0]","[0, 8, 63, 21, 0]","[0, 57, 67, 19, 66, 26, 31, 0]","[0, 32, 14, 54, 64, 0]","[0, 4, 52, 29, 58, 0]","[0, 51, 39, 0]","[0, 16, 9, 37, 0]","[0, 69, 35, 0]",
0,1,2,3,4,5,6,7,8,9,10,11,12,13,Total
83.85000000000001,176.651,34.784,153.95,136.59900000000002,108.483,110.0,150.666,94.58399999999999,87.717,76.13400000000001,69.166,54.083,52.833,1389.5000000000002
"[0, 53, 28, 49, 45, 15, 0]","[0, 6, 61, 33, 40, 62, 47, 27, 0]","[0, 17, 0]","[0, 20, 12, 5, 13, 0]","[0, 44, 34, 42, 50, 0]","[0, 55, 0]","[0, 59, 30, 22, 3, 18, 0]","[0, 21, 8, 63, 0]","[0, 67, 31, 19, 26, 66, 57, 0]","[0, 54, 32, 14, 64, 0]","[0, 58, 29, 52, 4, 0]","[0, 51, 39, 0]","[0, 9, 16, 37, 0]","[0, 69, 35, 0]",
0,1,2,3,4,5,6,7,8,9,10,11,12,13,Total
84.383,150.417,34.784,153.95,134.85,108.483,117.71600000000001,150.11700000000002,82.333,92.884,76.13400000000001,68.35,58.384,52.183,1364.9679999999998
"[0, 28, 49, 45, 15, 53, 0]","[0, 6, 33, 62, 27, 40, 47, 61, 0]","[0, 17, 0]","[0, 20, 12, 5, 13, 0]","[0, 50, 42, 34, 44, 0]","[0, 55, 0]","[0, 22, 59, 18, 3, 30, 0]","[0, 63, 8, 21, 0]","[0, 19, 67, 31, 57, 66, 26, 0]","[0, 32, 54, 14, 64, 0]","[0, 58, 29, 52, 4, 0]","[0, 39, 51, 0]","[0, 16, 37, 9, 0]","[0, 35, 69, 0]",
0,1,2,3,4,5,6,7,8,9,10,11,12,13,Total
67.517,162.46699999999998,34.784,149.333,105.28300000000002,108.483,106.082,141.38400000000001,76.033,87.717,90.63399999999999,68.35,54.88300000000001,52.183,1305.133
"[0, 53, 49, 45, 15, 28, 0]","[0, 6, 27, 33, 40, 47, 62, 61, 0]","[0, 17, 0]","[0, 12, 5, 13, 20, 0]","[0, 42, 44, 34, 50, 0]","[0, 55, 0]","[0, 59, 18, 22, 30, 3, 0]","[0, 8, 21, 63, 0]","[0, 57, 31, 66, 67, 19, 26, 0]","[0, 54, 32, 14, 64, 0]","[0, 29, 4, 58, 52, 0]","[0, 39, 51, 0]","[0, 37, 9, 16, 0]","[0, 35, 69, 0]",
0,1,2,3,4,5,6,7,8,9,10,11,12,13,Total
81.882,132.2,34.784,150.599,104.567,108.483,91.432,149.85000000000002,94.60100000000001,99.65099999999998,79.75,68.35,53.233000000000004,52.833,1302.215
"[0, 15, 45, 49, 28, 53, 0]","[0, 27, 62, 33, 6, 47, 61, 40, 0]","[0, 17, 0]","[0, 13, 5, 12, 20, 0]","[0, 34, 50, 44, 42, 0]","[0, 55, 0]","[0, 22, 18, 59, 3, 30, 0]","[0, 8, 63, 21, 0]","[0, 19, 26, 66, 57, 67, 31, 0]","[0, 32, 54, 64, 14, 0]","[0, 4, 58, 29, 52, 0]","[0, 39, 51, 0]","[0, 37, 16, 9, 0]","[0, 69, 35, 0]",
0,1,2,3,4,5,6,7,8,9,10,11,12,13,Total
85.401,140.30100000000002,34.784,149.234,102.60000000000001,108.483,84.26599999999999,150.11700000000002,77.949,85.86699999999999,79.65,68.35,54.88300000000001,52.183,1274.068
"[0, 28, 15, 49, 45, 53, 0]","[0, 62, 27, 6, 61, 47, 40, 33, 0]","[0, 17, 0]","[0, 12, 20, 5, 13, 0]","[0, 50, 34, 42, 44, 0]","[0, 55, 0]","[0, 18, 22, 30, 3, 59, 0]","[0, 63, 8, 21, 0]","[0, 19, 67, 26, 31, 57, 66, 0]","[0, 64, 54, 32, 14, 0]","[0, 29, 52, 4, 58, 0]","[0, 39, 51, 0]","[0, 37, 9, 16, 0]","[0, 35, 69, 0]",
0,1,2,3,4,5,6,7,8,9,10,11,12,13,Total
69.15,150.634,34.784,153.95,104.667,108.483,109.08300000000001,150.666,83.733,100.1,79.766,69.166,57.31700000000001,52.183,1323.6819999999998
"[0, 28, 45, 15, 53, 49, 0]","[0, 33, 61, 27, 62, 6, 47, 40, 0]","[0, 17, 0]","[0, 20, 12, 5, 13, 0]","[0, 42, 44, 50, 34, 0]","[0, 55, 0]","[0, 22, 59, 30, 3, 18, 0]","[0, 21, 8, 63, 0]","[0, 26, 19, 31, 57, 66, 67, 0]","[0, 54, 14, 64, 32, 0]","[0, 58, 4, 52, 29, 0]","[0, 51, 39, 0]","[0, 9, 37, 16, 0]","[0, 35, 69, 0]",
0,1,2,3,4,5,6,7,8,9,10,11,12,13,Total
79.433,145.584,34.784,122.96700000000001,104.38300000000001,108.483,114.09899999999999,150.11700000000002,73.116,88.234,84.61599999999999,68.35,53.233000000000004,52.183,1279.5819999999997
"[0, 53, 28, 15, 45, 49, 0]","[0, 33, 27, 61, 6, 40, 62, 47, 0]","[0, 17, 0]","[0, 5, 20, 13, 12, 0]","[0, 34, 50, 42, 44, 0]","[0, 55, 0]","[0, 3, 22, 30, 18, 59, 0]","[0, 63, 8, 21, 0]","[0, 67, 57, 31, 26, 66, 19, 0]","[0, 64, 14, 32, 54, 0]","[0, 29, 4, 52, 58, 0]","[0, 39, 51, 0]","[0, 37, 16, 9, 0]","[0, 35, 69, 0]",
0,1,2,3,4,5,6,7,8,9,10,11,12,13,Total
86.667,146.149,34.784,151.934,106.61700000000002,108.483,100.65,150.11700000000002,82.23299999999999,95.017,90.63399999999999,68.35,53.233000000000004,52.183,1327.051
"[0, 45, 53, 28, 15, 49, 0]","[0, 40, 6, 62, 61, 47, 33, 27, 0]","[0, 17, 0]","[0, 12, 5, 20, 13, 0]","[0, 44, 42, 34, 50, 0]","[0, 55, 0]","[0, 22, 3, 59, 18, 30, 0]","[0, 63, 8, 21, 0]","[0, 31, 19, 26, 57, 67, 66, 0]","[0, 54, 64, 14, 32, 0]","[0, 29, 4, 58, 52, 0]","[0, 39, 51, 0]","[0, 37, 16, 9, 0]","[0, 35, 69, 0]",
0,1,2,3,4,5,6,7,8,9,10,11,12,13,Total
85.13300000000001,152.98399999999998,34.784,151.833,135.716,108.483,109.08300000000001,149.85000000000002,90.23400000000001,87.717,80.55,69.166,56.465999999999994,52.833,1364.8319999999999
"[0, 53, 28, 45, 49, 15, 0]","[0, 6, 47, 33, 61, 40, 62, 27, 0]","[0, 17, 0]","[0, 20, 13, 5, 12, 0]","[0, 34, 42, 50, 44, 0]","[0, 55, 0]","[0, 22, 59, 30, 3, 18, 0]","[0, 8, 63, 21, 0]","[0, 66, 26, 31, 67, 57, 19, 0]","[0, 54, 32, 14, 64, 0]","[0, 58, 29, 4, 52, 0]","[0, 51, 39, 0]","[0, 16, 9, 37, 0]","[0, 69, 35, 0]",
0,1,2,3,4,5,6,7,8,9,10,11,12,13,Total
73.38300000000001,184.651,34.784,128.65,105.28300000000002,108.483,90.78299999999999,149.85000000000002,77.5,100.1,74.932,69.166,54.083,52.183,1303.831
"[0, 28, 53, 49, 15, 45, 0]","[0, 40, 33, 47, 61, 27, 6, 62, 0]","[0, 17, 0]","[0, 5, 20, 12, 13, 0]","[0, 42, 44, 34, 50, 0]","[0, 55, 0]","[0, 18, 30, 59, 3, 22, 0]","[0, 8, 63, 21, 0]","[0, 57, 31, 19, 66, 26, 67, 0]","[0, 54, 14, 64, 32, 0]","[0, 4, 52, 29, 58, 0]","[0, 51, 39, 0]","[0, 9, 16, 37, 0]","[0, 35, 69, 0]",
0,1,2,3,4,5,6,7,8,9,10,11,12,13,Total
85.649,154.45000000000002,34.784,128.65,130.4,108.483,118.016,150.666,85.267,92.884,84.3,68.35,54.083,52.183,1348.165
"[0, 45, 15, 53, 28, 49, 0]","[0, 62, 40, 61, 27, 33, 47, 6, 0]","[0, 17, 0]","[0, 5, 20, 12, 13, 0]","[0, 44, 50, 34, 42, 0]","[0, 55, 0]","[0, 59, 18, 3, 22, 30, 0]","[0, 21, 8, 63, 0]","[0, 31, 26, 67, 66, 57, 19, 0]","[0, 32, 54, 14, 64, 0]","[0, 29, 52, 58, 4, 0]","[0, 39, 51, 0]","[0, 9, 16, 37, 0]","[0, 35, 69, 0]",
0,1,2,3,4,5,6,7,8,9,10,11,12,13,Total
85.8,141.88299999999998,34.784,150.599,136.917,108.483,105.26499999999999,148.567,63.75000000000001,92.63300000000001,79.766,68.35,53.233000000000004,52.833,1322.8629999999998
"[0, 53, 15, 28, 49, 45, 0]","[0, 47, 6, 33, 27, 62, 40, 61, 0]","[0, 17, 0]","[0, 13, 5, 12, 20, 0]","[0, 42, 34, 44, 50, 0]","[0, 55, 0]","[0, 3, 30, 18, 22, 59, 0]","[0, 21, 63, 8, 0]","[0, 26, 57, 31, 67, 66, 19, 0]","[0, 64, 14, 54, 32, 0]","[0, 58, 4, 52, 29, 0]","[0, 39, 51, 0]","[0, 37, 16, 9, 0]","[0, 69, 35, 0]",
0,1,2,3,4,5,6,7,8,9,10,11,12,13,Total
85.33300000000001,175.968,34.784,150.599,131.016,108.483,100.049,148.567,82.58200000000001,87.818,84.233,69.166,53.233000000000004,52.183,1364.014
"[0, 53, 45, 28, 49, 15, 0]","[0, 47, 61, 33, 62, 6, 27, 40, 0]","[0, 17, 0]","[0, 13, 5, 12, 20, 0]","[0, 44, 34, 50, 42, 0]","[0, 55, 0]","[0, 18, 22, 59, 30, 3, 0]","[0, 21, 63, 8, 0]","[0, 31, 19, 67, 26, 57, 66, 0]","[0, 14, 32, 54, 64, 0]","[0, 4, 29, 52, 58, 0]","[0, 51, 39, 0]","[0, 37, 16, 9, 0]","[0, 35, 69, 0]",
0,1,2,3,4,5,6,7,8,9,10,11,12,13,Total
74.284,176.63400000000001,34.784,151.934,136.917,108.483,90.89999999999999,138.516,71.86500000000001,87.78399999999999,87.25,69.166,56.465999999999994,52.833,1337.816
"[0, 28, 45, 53, 49, 15, 0]","[0, 47, 61, 62, 40, 33, 6, 27, 0]","[0, 17, 0]","[0, 12, 5, 20, 13, 0]","[0, 42, 34, 44, 50, 0]","[0, 55, 0]","[0, 18, 30, 3, 59, 22, 0]","[0, 63, 21, 8, 0]","[0, 31, 26, 57, 66, 67, 19, 0]","[0, 64, 32, 14, 54, 0]","[0, 52, 58, 29, 4, 0]","[0, 51, 39, 0]","[0, 16, 9, 37, 0]","[0, 69, 35, 0]",
0,1,2,3,4,5,6,7,8,9,10,11,12,13,Total
85.784,160.233,34.784,121.999,135.716,108.483,91.683,150.666,83.38299999999998,87.15,85.85,68.35,53.233000000000004,52.183,1319.4969999999998
"[0, 49, 45, 53, 15, 28, 0]","[0, 62, 33, 61, 40, 27, 6, 47, 0]","[0, 17, 0]","[0, 5, 13, 20, 12, 0]","[0, 34, 42, 50, 44, 0]","[0, 55, 0]","[0, 22, 18, 3, 59, 30, 0]","[0, 21, 8, 63, 0]","[0, 31, 57, 66, 26, 67, 19, 0]","[0, 54, 14, 32, 64, 0]","[0, 4, 58, 52, 29, 0]","[0, 39, 51, 0]","[0, 37, 16, 9, 0]","[0, 35, 69, 0]",
0,1,2,3,4,5,6,7,8,9,10,11,12,13,Total
89.75,150.867,34.784,121.999,104.833,108.483,114.29999999999998,138.516,76.367,97.94999999999999,79.75,68.35,54.88300000000001,52.833,1293.6649999999997
"[0, 15, 53, 45, 49, 28, 0]","[0, 6, 47, 40, 27, 62, 61, 33, 0]","[0, 17, 0]","[0, 5, 13, 20, 12, 0]","[0, 44, 42, 50, 34, 0]","[0, 55, 0]","[0, 3, 18, 59, 30, 22, 0]","[0, 63, 21, 8, 0]","[0, 67, 66, 57, 26, 31, 19, 0]","[0, 32, 64, 54, 14, 0]","[0, 4, 58, 29, 52, 0]","[0, 39, 51, 0]","[0, 37, 9, 16, 0]","[0, 69, 35, 0]",
0,1,2,3,4,5,6,7,8,9,10,11,12,13,Total
83.43299999999999,158.199,34.784,128.65,109.28299999999999,108.483,95.866,149.85000000000002,80.751,87.78399999999999,87.25,69.166,54.88300000000001,52.183,1300.565
"[0, 15, 28, 49, 45, 53, 0]","[0, 61, 40, 27, 6, 47, 62, 33, 0]","[0, 17, 0]","[0, 5, 20, 12, 13, 0]","[0, 34, 44, 42, 50, 0]","[0, 55, 0]","[0, 18, 59, 3, 22, 30, 0]","[0, 8, 63, 21, 0]","[0, 67, 66, 57, 26, 19, 31, 0]","[0, 64, 32, 14, 54, 0]","[0, 52, 58, 29, 4, 0]","[0, 51, 39, 0]","[0, 37, 9, 16, 0]","[0, 35, 69, 0]",
0,1,2,3,4,5,6,7,8,9,10,11,12,13,Total
79.96600000000001,140.717,34.784,152.44899999999998,108.8,108.483,116.18299999999999,148.567,82.033,99.233,84.3,69.166,54.88300000000001,52.833,1332.3970000000002
"[0, 53, 45, 15, 28, 49, 0]","[0, 61, 27, 33, 62, 47, 40, 6, 0]","[0, 17, 0]","[0, 13, 5, 20, 12, 0]","[0, 50, 42, 44, 34, 0]","[0, 55, 0]","[0, 30, 18, 3, 22, 59, 0]","[0, 21, 63, 8, 0]","[0, 67, 19, 26, 66, 57, 31, 0]","[0, 54, 32, 64, 14, 0]","[0, 29, 52, 58, 4, 0]","[0, 51, 39, 0]","[0, 37, 9, 16, 0]","[0, 69, 35, 0]",
0,1,2,3,4,5,6,7,8,9,10,11,12,13,Total
74.284,157.133,34.784,125.51599999999999,132.2,108.483,112.716,138.516,81.101,99.233,81.967,68.35,54.083,52.833,1321.199
"[0, 28, 45, 53, 49, 15, 0]","[0, 33, 62, 40, 47, 61, 27, 6, 0]","[0, 17, 0]","[0, 13, 20, 12, 5, 0]","[0, 42, 34, 50, 44, 0]","[0, 55, 0]","[0, 59, 18, 30, 3, 22, 0]","[0, 63, 21, 8, 0]","[0, 66, 67, 57, 26, 19, 31, 0]","[0, 54, 32, 64, 14, 0]","[0, 52, 4, 58, 29, 0]","[0, 39, 51, 0]","[0, 9, 16, 37, 0]","[0, 69, 35, 0]",
0,1,2,3,4,5,6,7,8,9,10,11,12,13,Total
83.666,154.65,34.784,122.96700000000001,106.61700000000002,108.483,109.46600000000001,138.516,82.033,99.65099999999998,81.54999999999998,68.35,54.083,52.183,1296.999
"[0, 15, 49, 45, 28, 53, 0]","[0, 33, 6, 47, 40, 62, 61, 27, 0]","[0, 17, 0]","[0, 5, 20, 13, 12, 0]","[0, 44, 42, 34, 50, 0]","[0, 55, 0]","[0, 59, 22, 30, 3, 18, 0]","[0, 63, 21, 8, 0]","[0, 67, 66, 57, 31, 19, 26, 0]","[0, 32, 54, 64, 14, 0]","[0, 52, 4, 29, 58, 0]","[0, 39, 51, 0]","[0, 9, 16, 37, 0]","[0, 35, 69, 0]",
0,1,2,3,4,5,6,7,8,9,10,11,12,13,Total
77.667,195.717,34.784,125.51599999999999,110.151,108.483,93.066,150.666,82.25,94.251,84.233,69.166,57.31700000000001,52.183,1335.4499999999998
"[0, 49, 28, 15, 45, 53, 0]","[0, 40, 33, 61, 27, 47, 62, 6, 0]","[0, 17, 0]","[0, 13, 20, 12, 5, 0]","[0, 50, 44, 42, 34, 0]","[0, 55, 0]","[0, 3, 59, 18, 22, 30, 0]","[0, 21, 8, 63, 0]","[0, 31, 66, 26, 57, 67, 19, 0]","[0, 54, 64, 32, 14, 0]","[0, 4, 29, 52, 58, 0]","[0, 51, 39, 0]","[0, 9, 37, 16, 0]","[0, 35, 69, 0]",
0,1,2,3,4,5,6,7,8,9,10,11,12,13,Total
70.617,168.00000000000003,34.784,149.333,129.54899999999998,108.483,90.782,148.567,82.46700000000001,99.30000000000001,90.55,69.166,54.083,52.833,1348.5140000000001
"[0, 49, 53, 45, 15, 28, 0]","[0, 40, 62, 61, 47, 33, 27, 6, 0]","[0, 17, 0]","[0, 12, 5, 13, 20, 0]","[0, 42, 50, 34, 44, 0]","[0, 55, 0]","[0, 59, 3, 22, 18, 30, 0]","[0, 21, 63, 8, 0]","[0, 31, 66, 57, 26, 19, 67, 0]","[0, 14, 64, 54, 32, 0]","[0, 52, 58, 4, 29, 0]","[0, 51, 39, 0]","[0, 9, 16, 37, 0]","[0, 69, 35, 0]",
0,1,2,3,4,5,6,7,8,9,10,11,12,13,Total
71.917,165.867,34.784,154.5,131.016,108.483,108.96600000000001,150.11700000000002,80.833,87.351,85.85,69.166,53.233000000000004,52.833,1354.916
"[0, 49, 53, 15, 28, 45, 0]","[0, 6, 62, 61, 40, 33, 27, 47, 0]","[0, 17, 0]","[0, 12, 13, 5, 20, 0]","[0, 44, 34, 50, 42, 0]","[0, 55, 0]","[0, 18, 59, 22, 30, 3, 0]","[0, 63, 8, 21, 0]","[0, 67, 66, 31, 19, 26, 57, 0]","[0, 32, 14, 54, 64, 0]","[0, 4, 58, 52, 29, 0]","[0, 51, 39, 0]","[0, 37, 16, 9, 0]","[0, 69, 35, 0]",
0,1,2,3,4,5,6,7,8,9,10,11,12,13,Total
84.233,155.11599999999999,34.784,149.216,134.85,108.483,112.716,138.516,76.101,92.35,81.54999999999998,68.35,54.083,52.833,1343.181
"[0, 53, 28, 49, 15, 45, 0]","[0, 33, 47, 6, 62, 27, 40, 61, 0]","[0, 17, 0]","[0, 13, 20, 5, 12, 0]","[0, 50, 42, 34, 44, 0]","[0, 55, 0]","[0, 59, 18, 30, 3, 22, 0]","[0, 63, 21, 8, 0]","[0, 66, 19, 26, 67, 57, 31, 0]","[0, 14, 54, 32, 64, 0]","[0, 52, 4, 29, 58, 0]","[0, 39, 51, 0]","[0, 9, 16, 37, 0]","[0, 69, 35, 0]",
0,1,2,3,4,5,6,7,8,9,10,11,12,13,Total
66.849,177.734,34.784,126.50099999999999,132.2,108.483,84.149,149.85000000000002,89.78399999999999,100.90100000000001,84.61599999999999,68.35,58.384,52.833,1335.418
"[0, 15, 45, 28, 53, 49, 0]","[0, 6, 27, 40, 47, 33, 61, 62, 0]","[0, 17, 0]","[0, 20, 13, 12, 5, 0]","[0, 42, 34, 50, 44, 0]","[0, 55, 0]","[0, 18, 22, 30, 59, 3, 0]","[0, 8, 63, 21, 0]","[0, 66, 57, 31, 67, 26, 19, 0]","[0, 14, 64, 32, 54, 0]","[0, 29, 4, 52, 58, 0]","[0, 39, 51, 0]","[0, 16, 37, 9, 0]","[0, 69, 35, 0]",
0,1,2,3,4,5,6,7,8,9,10,11,12,13,Total
84.25,131.699,34.784,126.50099999999999,104.833,108.483,99.249,149.85000000000002,74.816,100.1,84.61599999999999,68.35,54.083,52.833,1274.4470000000001
"[0, 53, 15, 45, 49, 28, 0]","[0, 33, 27, 61, 40, 47, 6, 62, 0]","[0, 17, 0]","[0, 20, 13, 12, 5, 0]","[0, 44, 42, 50, 34, 0]","[0, 55, 0]","[0, 3, 30, 59, 22, 18, 0]","[0, 8, 63, 21, 0]","[0, 19, 66, 31, 67, 57, 26, 0]","[0, 32, 64, 14, 54, 0]","[0, 29, 4, 52, 58, 0]","[0, 39, 51, 0]","[0, 9, 16, 37, 0]","[0, 69, 35, 0]",
0,1,2,3,4,5,6,7,8,9,10,11,12,13,Total
84.383,175.801,34.784,128.65,101.917,108.483,97.84899999999999,150.666,85.599,88.234,86.318,69.166,53.233000000000004,52.833,1317.916
"[0, 28, 49, 45, 15, 53, 0]","[0, 6, 27, 40, 33, 62, 61, 47, 0]","[0, 17, 0]","[0, 5, 20, 12, 13, 0]","[0, 50, 34, 44, 42, 0]","[0, 55, 0]","[0, 22, 30, 18, 59, 3, 0]","[0, 21, 8, 63, 0]","[0, 57, 66, 31, 26, 19, 67, 0]","[0, 64, 14, 32, 54, 0]","[0, 58, 52, 4, 29, 0]","[0, 51, 39, 0]","[0, 37, 16, 9, 0]","[0, 69, 35, 0]",
0,1,2,3,4,5,6,7,8,9,10,11,12,13,Total
79.48299999999999,150.8,34.784,149.234,136.61599999999999,108.483,106.082,141.38400000000001,83.434,92.084,81.54999999999998,68.35,57.31700000000001,52.833,1342.434
"[0, 49, 15, 28, 45, 53, 0]","[0, 27, 40, 6, 61, 33, 62, 47, 0]","[0, 17, 0]","[0, 12, 20, 5, 13, 0]","[0, 42, 50, 44, 34, 0]","[0, 55, 0]","[0, 59, 18, 22, 30, 3, 0]","[0, 8, 21, 63, 0]","[0, 57, 31, 66, 26, 67, 19, 0]","[0, 64, 32, 54, 14, 0]","[0, 52, 4, 29, 58, 0]","[0, 39, 51, 0]","[0, 9, 37, 16, 0]","[0, 69, 35, 0]",
0,1,2,3,4,5,6,7,8,9,10,11,12,13,Total
69.15,163.6,34.784,154.5,105.28300000000002,108.483,96.2,150.666,96.00200000000001,88.234,74.932,69.166,54.083,52.833,1317.916
"[0, 28, 45, 15, 53, 49, 0]","[0, 62, 6, 47, 33, 40, 61, 27, 0]","[0, 17, 0]","[0, 12, 13, 5, 20, 0]","[0, 42, 44, 34, 50, 0]","[0, 55, 0]","[0, 18, 3, 59, 22, 30, 0]","[0, 21, 8, 63, 0]","[0, 26, 67, 31, 66, 57, 19, 0]","[0, 64, 14, 32, 54, 0]","[0, 4, 52, 29, 58, 0]","[0, 51, 39, 0]","[0, 9, 16, 37, 0]","[0, 69, 35, 0]",
0,1,2,3,4,5,6,7,8,9,10,11,12,13,Total
76.65,148.53300000000002,34.784,125.51599999999999,130.4,108.483,114.583,150.11700000000002,80.849,94.11699999999999,81.967,68.35,56.465999999999994,52.833,1323.6480000000001
"[0, 45, 49, 53, 28, 15, 0]","[0, 27, 6, 61, 62, 33, 40, 47, 0]","[0, 17, 0]","[0, 13, 20, 12, 5, 0]","[0, 44, 50, 34, 42, 0]","[0, 55, 0]","[0, 59, 18, 30, 22, 3, 0]","[0, 63, 8, 21, 0]","[0, 67, 19, 26, 57, 66, 31, 0]","[0, 14, 32, 64, 54, 0]","[0, 52, 4, 58, 29, 0]","[0, 39, 51, 0]","[0, 16, 9, 37, 0]","[0, 69, 35, 0]",
0,1,2,3,4,5,6,7,8,9,10,11,12,13,Total
77.13300000000001,161.95100000000002,34.784,128.65,109.28299999999999,108.483,104.749,150.666,71.60000000000001,100.1,84.61599999999999,68.35,53.233000000000004,52.833,1306.431
"[0, 45, 28, 49, 53, 15, 0]","[0, 6, 61, 40, 27, 47, 33, 62, 0]","[0, 17, 0]","[0, 5, 20, 12, 13, 0]","[0, 34, 44, 42, 50, 0]","[0, 55, 0]","[0, 22, 18, 3, 30, 59, 0]","[0, 21, 8, 63, 0]","[0, 26, 31, 57, 19, 67, 66, 0]","[0, 54, 14, 64, 32, 0]","[0, 29, 4, 52, 58, 0]","[0, 39, 51, 0]","[0, 37, 16, 9, 0]","[0, 69, 35, 0]",
0,1,2,3,4,5,6,7,8,9,10,11,12,13,Total
79.48299999999999,155.017,34.784,125.416,130.4,108.483,106.88300000000001,148.567,82.484,94.251,76.13400000000001,68.35,57.31700000000001,52.183,1319.7520000000002
"[0, 49, 15, 28, 45, 53, 0]","[0, 27, 6, 33, 62, 40, 61, 47, 0]","[0, 17, 0]","[0, 5, 12, 13, 20, 0]","[0, 44, 50, 34, 42, 0]","[0, 55, 0]","[0, 30, 59, 22, 18, 3, 0]","[0, 21, 63, 8, 0]","[0, 67, 66, 57, 19, 26, 31, 0]","[0, 54, 64, 32, 14, 0]","[0, 58, 29, 52, 4, 0]","[0, 39, 51, 0]","[0, 9, 37, 16, 0]","[0, 35, 69, 0]",
0,1,2,3,4,5,6,7,8,9,10,11,12,13,Total
86.916,165.60000000000002,34.784,125.51599999999999,132.2,108.483,91.667,138.516,64.283,100.1,74.932,68.35,57.31700000000001,52.833,1301.497
"[0, 45, 53, 15, 28, 49, 0]","[0, 47, 62, 61, 40, 33, 27, 6, 0]","[0, 17, 0]","[0, 13, 20, 12, 5, 0]","[0, 42, 34, 50, 44, 0]","[0, 55, 0]","[0, 30, 22, 18, 3, 59, 0]","[0, 63, 21, 8, 0]","[0, 19, 66, 67, 26, 31, 57, 0]","[0, 32, 64, 14, 54, 0]","[0, 4, 52, 29, 58, 0]","[0, 39, 51, 0]","[0, 9, 37, 16, 0]","[0, 69, 35, 0]",
0,1,2,3,4,5,6,7,8,9,10,11,12,13,Total
85.784,173.88300000000004,34.784,151.833,131.016,108.483,104.849,148.567,82.134,97.94999999999999,84.233,69.166,54.083,52.833,1379.598
"[0, 49, 45, 53, 15, 28, 0]","[0, 47, 62, 33, 6, 27, 40, 61, 0]","[0, 17, 0]","[0, 20, 13, 5, 12, 0]","[0, 44, 34, 50, 42, 0]","[0, 55, 0]","[0, 59, 30, 3, 18, 22, 0]","[0, 21, 63, 8, 0]","[0, 57, 26, 19, 31, 67, 66, 0]","[0, 32, 64, 54, 14, 0]","[0, 4, 29, 52, 58, 0]","[0, 51, 39, 0]","[0, 9, 16, 37, 0]","[0, 69, 35, 0]",
0,1,2,3,4,5,6,7,8,9,10,11,12,13,Total
69.15,179.001,34.784,149.234,104.38300000000001,108.483,91.432,149.85000000000002,96.00200000000001,100.90100000000001,86.549,68.35,53.233000000000004,52.833,1344.1850000000002
"[0, 28, 45, 15, 53, 49, 0]","[0, 61, 40, 62, 6, 27, 47, 33, 0]","[0, 17, 0]","[0, 12, 20, 5, 13, 0]","[0, 34, 50, 42, 44, 0]","[0, 55, 0]","[0, 22, 18, 59, 3, 30, 0]","[0, 8, 63, 21, 0]","[0, 26, 67, 31, 66, 57, 19, 0]","[0, 14, 64, 32, 54, 0]","[0, 52, 29, 4, 58, 0]","[0, 39, 51, 0]","[0, 37, 16, 9, 0]","[0, 69, 35, 0]",
0,1,2,3,4,5,6,7,8,9,10,11,12,13,Total
69.88300000000001,176.35100000000003,34.784,149.333,129.54899999999998,108.483,92.383,141.38400000000001,71.93299999999999,97.94999999999999,80.55,69.166,54.88300000000001,52.183,1328.815
"[0, 45, 28, 15, 53, 49, 0]","[0, 47, 62, 61, 27, 6, 40, 33, 0]","[0, 17, 0]","[0, 12, 5, 13, 20, 0]","[0, 42, 50, 34, 44, 0]","[0, 55, 0]","[0, 18, 59, 3, 30, 22, 0]","[0, 8, 21, 63, 0]","[0, 31, 26, 19, 66, 67, 57, 0]","[0, 32, 64, 54, 14, 0]","[0, 58, 29, 4, 52, 0]","[0, 51, 39, 0]","[0, 37, 9, 16, 0]","[0, 35, 69, 0]",
0,1,2,3,4,5,6,7,8,9,10,11,12,13,Total
68.2,142.49900000000002,34.784,151.833,136.61599999999999,108.483,100.65,150.666,79.333,94.11699999999999,81.967,69.166,54.083,52.833,1325.2300000000002
"[0, 15, 28, 45, 53, 49, 0]","[0, 33, 27, 47, 40, 6, 62, 61, 0]","[0, 17, 0]","[0, 20, 13, 5, 12, 0]","[0, 42, 50, 44, 34, 0]","[0, 55, 0]","[0, 22, 3, 59, 18, 30, 0]","[0, 21, 8, 63, 0]","[0, 57, 19, 66, 31, 26, 67, 0]","[0, 14, 32, 64, 54, 0]","[0, 52, 4, 58, 29, 0]","[0, 51, 39, 0]","[0, 9, 16, 37, 0]","[0, 69, 35, 0]",
0,1,2,3,4,5,6,7,8,9,10,11,12,13,Total
85.551,131.783,34.784,152.44899999999998,102.60000000000001,108.483,99.249,150.666,77.949,92.884,85.584,69.166,58.384,52.833,1302.365
"[0, 53, 28, 15, 49, 45, 0]","[0, 33, 6, 47, 40, 61, 62, 27, 0]","[0, 17, 0]","[0, 13, 5, 20, 12, 0]","[0, 50, 34, 42, 44, 0]","[0, 55, 0]","[0, 3, 30, 59, 22, 18, 0]","[0, 21, 8, 63, 0]","[0, 67, 57, 66, 19, 31, 26, 0]","[0, 32, 54, 14, 64, 0]","[0, 4, 29, 58, 52, 0]","[0, 51, 39, 0]","[0, 16, 37, 9, 0]","[0, 69, 35, 0]",
0,1,2,3,4,5,6,7,8,9,10,11,12,13,Total
79.91600000000001,173.034,34.784,126.50099999999999,136.917,108.483,118.016,148.567,76.066,92.084,86.318,68.35,57.31700000000001,52.833,1359.186
"[0, 53, 15, 45, 28, 49, 0]","[0, 6, 33, 47, 27, 62, 40, 61, 0]","[0, 17, 0]","[0, 20, 13, 12, 5, 0]","[0, 42, 34, 44, 50, 0]","[0, 55, 0]","[0, 59, 18, 3, 22, 30, 0]","[0, 21, 63, 8, 0]","[0, 19, 66, 31, 57, 67, 26, 0]","[0, 64, 32, 54, 14, 0]","[0, 58, 52, 4, 29, 0]","[0, 39, 51, 0]","[0, 9, 37, 16, 0]","[0, 69, 35, 0]",
0,1,2,3,4,5,6,7,8,9,10,11,12,13,Total
85.783,150.484,34.784,123.78399999999999,129.54899999999998,108.483,84.149,138.516,96.001,99.98400000000001,84.3,69.166,57.31700000000001,52.183,1314.4829999999997
"[0, 53, 45, 49, 15, 28, 0]","[0, 62, 47, 40, 61, 27, 33, 6, 0]","[0, 17, 0]","[0, 13, 12, 20, 5, 0]","[0, 42, 50, 34, 44, 0]","[0, 55, 0]","[0, 18, 22, 30, 59, 3, 0]","[0, 63, 21, 8, 0]","[0, 31, 66, 26, 67, 57, 19, 0]","[0, 14, 54, 64, 32, 0]","[0, 29, 52, 58, 4, 0]","[0, 51, 39, 0]","[0, 9, 37, 16, 0]","[0, 35, 69, 0]",
0,1,2,3,4,5,6,7,8,9,10,11,12,13,Total
67.517,153.15,34.784,128.65,134.85,108.483,107.63299999999998,138.516,82.034,88.234,76.13400000000001,69.166,53.233000000000004,52.833,1295.2169999999999
"[0, 53, 49, 45, 15, 28, 0]","[0, 47, 33, 62, 40, 6, 61, 27, 0]","[0, 17, 0]","[0, 5, 20, 12, 13, 0]","[0, 50, 42, 34, 44, 0]","[0, 55, 0]","[0, 18, 59, 30, 3, 22, 0]","[0, 63, 21, 8, 0]","[0, 66, 26, 67, 19, 57, 31, 0]","[0, 64, 14, 32, 54, 0]","[0, 58, 29, 52, 4, 0]","[0, 51, 39, 0]","[0, 37, 16, 9, 0]","[0, 69, 35, 0]",
0,1,2,3,4,5,6,7,8,9,10,11,12,13,Total
68.8,136.066,34.784,149.234,104.567,108.483,117.61699999999999,150.666,76.04999999999998,87.717,84.61599999999999,68.35,57.31700000000001,52.833,1297.1
"[0, 53, 49, 15, 28, 45, 0]","[0, 62, 61, 40, 6, 47, 27, 33, 0]","[0, 17, 0]","[0, 12, 20, 5, 13, 0]","[0, 34, 50, 44, 42, 0]","[0, 55, 0]","[0, 30, 22, 59, 18, 3, 0]","[0, 21, 8, 63, 0]","[0, 67, 26, 19, 66, 31, 57, 0]","[0, 54, 32, 14, 64, 0]","[0, 29, 4, 52, 58, 0]","[0, 39, 51, 0]","[0, 9, 37, 16, 0]","[0, 69, 35, 0]",
0,1,2,3,4,5,6,7,8,9,10,11,12,13,Total
69.15,153.851,34.784,121.999,136.59900000000002,108.483,117.71600000000001,148.567,71.667,94.11699999999999,90.63399999999999,69.166,53.233000000000004,52.183,1322.149
"[0, 28, 45, 15, 53, 49, 0]","[0, 47, 40, 6, 27, 61, 33, 62, 0]","[0, 17, 0]","[0, 5, 13, 20, 12, 0]","[0, 44, 34, 42, 50, 0]","[0, 55, 0]","[0, 22, 59, 18, 3, 30, 0]","[0, 21, 63, 8, 0]","[0, 66, 19, 26, 31, 57, 67, 0]","[0, 14, 32, 64, 54, 0]","[0, 29, 4, 58, 52, 0]","[0, 51, 39, 0]","[0, 37, 16, 9, 0]","[0, 35, 69, 0]",
0,1,2,3,4,5,6,7,8,9,10,11,12,13,Total
76.65,171.334,34.784,149.216,136.61599999999999,108.483,93.066,148.567,82.33500000000001,87.351,86.967,68.35,53.233000000000004,52.183,1349.135
"[0, 45, 49, 53, 28, 15, 0]","[0, 61, 40, 33, 6, 62, 27, 47, 0]","[0, 17, 0]","[0, 13, 20, 5, 12, 0]","[0, 42, 50, 44, 34, 0]","[0, 55, 0]","[0, 3, 59, 18, 22, 30, 0]","[0, 21, 63, 8, 0]","[0, 57, 19, 66, 26, 67, 31, 0]","[0, 32, 14, 54, 64, 0]","[0, 58, 52, 29, 4, 0]","[0, 39, 51, 0]","[0, 37, 16, 9, 0]","[0, 35, 69, 0]",
0,1,2,3,4,5,6,7,8,9,10,11,12,13,Total
83.43299999999999,179.102,34.784,149.234,101.917,108.483,103.84899999999999,149.85000000000002,68.9,87.78399999999999,84.61599999999999,68.35,54.88300000000001,52.833,1328.0179999999998
"[0, 15, 28, 49, 45, 53, 0]","[0, 47, 33, 61, 27, 6, 40, 62, 0]","[0, 17, 0]","[0, 12, 20, 5, 13, 0]","[0, 50, 34, 44, 42, 0]","[0, 55, 0]","[0, 3, 22, 18, 30, 59, 0]","[0, 8, 63, 21, 0]","[0, 31, 66, 19, 67, 26, 57, 0]","[0, 64, 32, 14, 54, 0]","[0, 29, 4, 52, 58, 0]","[0, 39, 51, 0]","[0, 37, 9, 16, 0]","[0, 69, 35, 0]",
0,1,2,3,4,5,6,7,8,9,10,11,12,13,Total
71.18400000000001,178.63400000000001,34.784,123.78399999999999,101.917,108.483,90.78299999999999,148.567,82.23299999999999,94.434,90.63399999999999,69.166,57.31700000000001,52.183,1304.103
"[0, 15, 45, 53, 49, 28, 0]","[0, 33, 40, 62, 6, 27, 61, 47, 0]","[0, 17, 0]","[0, 13, 12, 20, 5, 0]","[0, 50, 34, 44, 42, 0]","[0, 55, 0]","[0, 18, 30, 59, 3, 22, 0]","[0, 21, 63, 8, 0]","[0, 31, 19, 26, 57, 67, 66, 0]","[0, 32, 14, 64, 54, 0]","[0, 29, 4, 58, 52, 0]","[0, 51, 39, 0]","[0, 9, 37, 16, 0]","[0, 35, 69, 0]",
0,1,2,3,4,5,6,7,8,9,10,11,12,13,Total
73.38300000000001,142.6,34.784,128.65,132.2,108.483,96.2,149.85000000000002,88.468,87.15,86.967,69.166,57.31700000000001,52.183,1307.401
"[0, 28, 53, 49, 15, 45, 0]","[0, 40, 47, 27, 33, 62, 61, 6, 0]","[0, 17, 0]","[0, 5, 20, 12, 13, 0]","[0, 42, 34, 50, 44, 0]","[0, 55, 0]","[0, 18, 3, 59, 22, 30, 0]","[0, 8, 63, 21, 0]","[0, 19, 57, 26, 67, 31, 66, 0]","[0, 54, 14, 32, 64, 0]","[0, 58, 52, 29, 4, 0]","[0, 51, 39, 0]","[0, 9, 37, 16, 0]","[0, 35, 69, 0]",
0,1,2,3,4,5,6,7,8,9,10,11,12,13,Total
71.184,154.30100000000002,34.784,149.216,134.85,108.483,116.816,150.666,80.85000000000001,99.65099999999998,81.551,68.35,53.233000000000004,52.833,1356.7679999999998
"[0, 49, 53, 45, 28, 15, 0]","[0, 61, 40, 47, 33, 6, 27, 62, 0]","[0, 17, 0]","[0, 13, 20, 5, 12, 0]","[0, 50, 42, 34, 44, 0]","[0, 55, 0]","[0, 3, 22, 59, 18, 30, 0]","[0, 21, 8, 63, 0]","[0, 19, 26, 57, 67, 66, 31, 0]","[0, 32, 54, 64, 14, 0]","[0, 29, 58, 52, 4, 0]","[0, 39, 51, 0]","[0, 37, 16, 9, 0]","[0, 69, 35, 0]",
0,1,2,3,4,5,6,7,8,9,10,11,12,13,Total
85.666,171.317,34.784,121.75,101.917,108.483,113.666,150.666,94.58500000000001,100.90100000000001,80.55,68.35,56.465999999999994,52.183,1341.2839999999997
"[0, 28, 45, 49, 15, 53, 0]","[0, 40, 62, 27, 47, 6, 33, 61, 0]","[0, 17, 0]","[0, 5, 13, 12, 20, 0]","[0, 50, 34, 44, 42, 0]","[0, 55, 0]","[0, 22, 59, 18, 30, 3, 0]","[0, 21, 8, 63, 0]","[0, 66, 26, 67, 31, 19, 57, 0]","[0, 14, 64, 32, 54, 0]","[0, 58, 29, 4, 52, 0]","[0, 39, 51, 0]","[0, 16, 9, 37, 0]","[0, 35, 69, 0]",
0,1,2,3,4,5,6,7,8,9,10,11,12,13,Total
70.517,193.601,34.784,154.5,106.61700000000002,108.483,91.432,138.516,70.2,94.251,86.549,69.166,53.233000000000004,52.183,1324.032
"[0, 28, 45, 15, 49, 53, 0]","[0, 47, 33, 61, 62, 6, 27, 40, 0]","[0, 17, 0]","[0, 12, 13, 5, 20, 0]","[0, 44, 42, 34, 50, 0]","[0, 55, 0]","[0, 22, 18, 59, 3, 30, 0]","[0, 63, 21, 8, 0]","[0, 19, 67, 66, 26, 31, 57, 0]","[0, 54, 64, 32, 14, 0]","[0, 52, 29, 4, 58, 0]","[0, 51, 39, 0]","[0, 37, 16, 9, 0]","[0, 35, 69, 0]",
0,1,2,3,4,5,6,7,8,9,10,11,12,13,Total
77.41700000000002,151.883,34.784,122.96700000000001,102.60000000000001,108.483,91.683,141.38400000000001,70.016,94.434,86.318,69.166,54.083,52.833,1258.0510000000002
"[0, 28, 45, 49, 53, 15, 0]","[0, 47, 40, 27, 61, 6, 62, 33, 0]","[0, 17, 0]","[0, 5, 20, 13, 12, 0]","[0, 50, 34, 42, 44, 0]","[0, 55, 0]","[0, 22, 18, 3, 59, 30, 0]","[0, 8, 21, 63, 0]","[0, 26, 57, 31, 19, 67, 66, 0]","[0, 32, 14, 64, 54, 0]","[0, 58, 52, 4, 29, 0]","[0, 51, 39, 0]","[0, 9, 16, 37, 0]","[0, 69, 35, 0]",
0,1,2,3,4,5,6,7,8,9,10,11,12,13,Total
77.13300000000001,159.46699999999998,34.784,126.084,134.85,108.483,88.065,149.85000000000002,65.334,95.017,81.54999999999998,69.166,56.465999999999994,52.833,1299.0819999999999
"[0, 45, 28, 49, 53, 15, 0]","[0, 62, 33, 6, 40, 27, 61, 47, 0]","[0, 17, 0]","[0, 12, 13, 20, 5, 0]","[0, 34, 44, 50, 42, 0]","[0, 55, 0]","[0, 59, 3, 30, 18, 22, 0]","[0, 8, 63, 21, 0]","[0, 26, 31, 57, 67, 66, 19, 0]","[0, 54, 64, 14, 32, 0]","[0, 52, 4, 29, 58, 0]","[0, 51, 39, 0]","[0, 16, 9, 37, 0]","[0, 69, 35, 0]",
0,1,2,3,4,5,6,7,8,9,10,11,12,13,Total
85.38199999999999,168.567,34.784,128.65,102.60000000000001,108.483,106.66599999999998,149.85000000000002,81.08400000000002,87.717,90.63399999999999,69.166,56.465999999999994,52.833,1322.882
"[0, 45, 28, 49, 15, 53, 0]","[0, 6, 62, 40, 27, 33, 47, 61, 0]","[0, 17, 0]","[0, 5, 20, 12, 13, 0]","[0, 50, 34, 42, 44, 0]","[0, 55, 0]","[0, 30, 3, 22, 18, 59, 0]","[0, 8, 63, 21, 0]","[0, 19, 57, 26, 66, 67, 31, 0]","[0, 54, 32, 14, 64, 0]","[0, 29, 4, 58, 52, 0]","[0, 51, 39, 0]","[0, 16, 9, 37, 0]","[0, 69, 35, 0]",
0,1,2,3,4,5,6,7,8,9,10,11,12,13,Total
79.48299999999999,153.084,34.784,149.216,108.8,108.483,104.749,141.38400000000001,82.232,94.251,85.85,69.166,58.384,52.183,1322.0489999999998
"[0, 49, 15, 28, 45, 53, 0]","[0, 40, 62, 6, 61, 47, 27, 33, 0]","[0, 17, 0]","[0, 13, 20, 5, 12, 0]","[0, 50, 42, 44, 34, 0]","[0, 55, 0]","[0, 22, 18, 3, 30, 59, 0]","[0, 8, 21, 63, 0]","[0, 31, 67, 19, 26, 57, 66, 0]","[0, 54, 64, 32, 14, 0]","[0, 4, 58, 52, 29, 0]","[0, 51, 39, 0]","[0, 16, 37, 9, 0]","[0, 35, 69, 0]",
0,1,2,3,4,5,6,7,8,9,10,11,12,13,Total
77.13300000000001,168.05,34.784,154.5,104.667,108.483,105.61600000000001,150.666,83.733,88.234,81.54999999999998,68.35,54.083,52.183,1332.0319999999997
"[0, 45, 28, 49, 53, 15, 0]","[0, 6, 33, 40, 47, 62, 27, 61, 0]","[0, 17, 0]","[0, 12, 13, 5, 20, 0]","[0, 42, 44, 50, 34, 0]","[0, 55, 0]","[0, 59, 30, 22, 18, 3, 0]","[0, 21, 8, 63, 0]","[0, 31, 57, 66, 67, 26, 19, 0]","[0, 64, 14, 32, 54, 0]","[0, 52, 4, 29, 58, 0]","[0, 39, 51, 0]","[0, 9, 16, 37, 0]","[0, 35, 69, 0]",
0,1,2,3,4,5,6,7,8,9,10,11,12,13,Total
79.45,135.749,34.784,123.78399999999999,104.567,108.483,113.666,149.85000000000002,83.71600000000001,99.233,81.566,69.166,58.384,52.183,1294.581
"[0, 49, 45, 28, 15, 53, 0]","[0, 33, 40, 6, 47, 61, 62, 27, 0]","[0, 17, 0]","[0, 13, 12, 20, 5, 0]","[0, 34, 50, 44, 42, 0]","[0, 55, 0]","[0, 22, 59, 18, 30, 3, 0]","[0, 8, 63, 21, 0]","[0, 31, 57, 66, 26, 19, 67, 0]","[0, 54, 32, 64, 14, 0]","[0, 52, 29, 58, 4, 0]","[0, 51, 39, 0]","[0, 16, 37, 9, 0]","[0, 35, 69, 0]",
0,1,2,3,4,5,6,7,8,9,10,11,12,13,Total
85.148,155.65099999999998,34.784,149.333,136.917,108.483,104.79899999999999,138.516,89.78399999999999,87.818,84.3,68.35,54.083,52.183,1350.149
"[0, 45, 49, 15, 28, 53, 0]","[0, 33, 47, 27, 62, 6, 61, 40, 0]","[0, 17, 0]","[0, 12, 5, 13, 20, 0]","[0, 42, 34, 44, 50, 0]","[0, 55, 0]","[0, 3, 30, 59, 18, 22, 0]","[0, 63, 21, 8, 0]","[0, 66, 57, 31, 67, 26, 19, 0]","[0, 14, 32, 54, 64, 0]","[0, 29, 52, 58, 4, 0]","[0, 39, 51, 0]","[0, 9, 16, 37, 0]","[0, 35, 69, 0]",
0,1,2,3,4,5,6,7,8,9,10,11,12,13,Total
83.666,146.96699999999998,34.784,152.3,109.96700000000001,108.483,91.149,148.567,82.38300000000001,88.234,86.318,68.35,58.384,52.833,1312.385
"[0, 15, 49, 45, 28, 53, 0]","[0, 33, 27, 6, 40, 61, 62, 47, 0]","[0, 17, 0]","[0, 13, 12, 5, 20, 0]","[0, 34, 42, 44, 50, 0]","[0, 55, 0]","[0, 30, 18, 22, 59, 3, 0]","[0, 21, 63, 8, 0]","[0, 19, 67, 57, 31, 66, 26, 0]","[0, 64, 14, 32, 54, 0]","[0, 58, 52, 4, 29, 0]","[0, 39, 51, 0]","[0, 16, 37, 9, 0]","[0, 69, 35, 0]",
0,1,2,3,4,5,6,7,8,9,10,11,12,13,Total
83.833,160.484,34.784,150.599,104.667,108.483,108.96600000000001,149.85000000000002,84.217,94.11699999999999,79.983,69.166,54.083,52.183,1335.415
"[0, 49, 28, 53, 45, 15, 0]","[0, 27, 6, 47, 33, 61, 40, 62, 0]","[0, 17, 0]","[0, 13, 5, 12, 20, 0]","[0, 42, 44, 50, 34, 0]","[0, 55, 0]","[0, 18, 59, 22, 30, 3, 0]","[0, 8, 63, 21, 0]","[0, 57, 19, 67, 26, 31, 66, 0]","[0, 14, 32, 64, 54, 0]","[0, 4, 52, 58, 29, 0]","[0, 51, 39, 0]","[0, 9, 16, 37, 0]","[0, 35, 69, 0]",
0,1,2,3,4,5,6,7,8,9,10,11,12,13,Total
74.70100000000001,178.817,34.784,151.833,109.96700000000001,108.483,93.2,150.666,71.683,87.818,81.566,69.166,58.384,52.833,1323.901
"[0, 28, 15, 53, 49, 45, 0]","[0, 47, 27, 6, 61, 62, 40, 33, 0]","[0, 17, 0]","[0, 20, 13, 5, 12, 0]","[0, 34, 42, 44, 50, 0]","[0, 55, 0]","[0, 22, 30, 3, 59, 18, 0]","[0, 21, 8, 63, 0]","[0, 67, 26, 31, 57, 66, 19, 0]","[0, 14, 32, 54, 64, 0]","[0, 52, 29, 58, 4, 0]","[0, 51, 39, 0]","[0, 16, 37, 9, 0]","[0, 69, 35, 0]",
0,1,2,3,4,5,6,7,8,9,10,11,12,13,Total
86.034,158.6,34.784,152.3,104.38300000000001,108.483,95.967,148.567,62.7,87.717,84.233,68.35,56.465999999999994,52.183,1300.7669999999998
"[0, 53, 15, 49, 45, 28, 0]","[0, 6, 47, 61, 62, 27, 40, 33, 0]","[0, 17, 0]","[0, 13, 12, 5, 20, 0]","[0, 34, 50, 42, 44, 0]","[0, 55, 0]","[0, 30, 22, 59, 3, 18, 0]","[0, 21, 63, 8, 0]","[0, 67, 19, 66, 57, 26, 31, 0]","[0, 54, 32, 14, 64, 0]","[0, 4, 29, 52, 58, 0]","[0, 39, 51, 0]","[0, 16, 9, 37, 0]","[0, 35, 69, 0]",
